{"stats":{"minecraft:used":{"minecraft:iron_shovel":947,"minecraft:flint_and_steel":338,"minecraft:torch":6,"minecraft:dirt":55,"minecraft:lily_of_the_valley":2,"tetra:modular_sword":233,"minecraft:carrot":8,"minecraft:granite":1,"tombstone:gift":7,"minecraft:egg":2,"minecraft:potato":1,"minecraft:cobbled_deepslate":1,"minecraft:golden_axe":23,"minecraft:water_bucket":3,"minecraft:stone_pickaxe":16,"minecraft:birch_boat":1,"minecraft:tnt":1,"minecraft:crafting_table":5,"minecraft:red_mushroom":6,"minecraft:crossbow":2,"minecraft:bread":13,"minecraft:iron_pickaxe":351,"minecraft:gravel":8,"minecraft:wooden_sword":20,"minecraft:cobblestone":38,"minecraft:bucket":4,"minecraft:andesite":5,"minecraft:oak_boat":1,"alexsmobs:animal_dictionary":3,"minecraft:coarse_dirt":1},"minecraft:broken":{"minecraft:golden_helmet":1,"minecraft:iron_shovel":3,"minecraft:flint_and_steel":5,"minecraft:iron_pickaxe":1},"minecraft:killed":{"minecraft:spider":3,"minecraft:chicken":1,"minecraft:pig":1,"minecraft:iron_golem":1,"minecraft:wandering_trader":1,"minecraft:trader_llama":2,"minecraft:pillager":1,"minecraft:zombie":12,"minecraft:cow":2},"minecraft:picked_up":{"sereneseasons:calendar":1,"minecraft:coarse_dirt":1,"minecraft:crafting_table":4,"minecraft:allium":2,"minecraft:chicken":1,"minecraft:flower_pot":1,"minecraft:lead":1,"tombstone:grave_key":1,"minecraft:cornflower":3,"minecraft:string":7,"minecraft:flint_and_steel":9,"minecraft:iron_shovel":4,"minecraft:cobbled_deepslate":8,"minecraft:bucket":1,"minecraft:beef":4,"minecraft:oak_boat":6,"minecraft:rose_bush":1,"minecraft:iron_pickaxe":3,"minecraft:poppy":5,"tetra:modular_sword":2,"minecraft:sugar_cane":3,"minecraft:furnace":1,"minecraft:egg":11,"minecraft:raw_iron":56,"minecraft:oak_door":2,"minecraft:oak_fence":2,"minecraft:torch":13,"sophisticatedbackpacks:backpack":1,"minecraft:porkchop":2,"tombstone:grave_dust":1,"minecraft:carrot":5,"minecraft:redstone":4,"minecraft:goat_horn":1,"minecraft:tnt":1,"minecraft:rotten_flesh":11,"minecraft:arrow":17,"farmersdelight:onion":2,"minecraft:hay_block":7,"minecraft:white_terracotta":2,"minecraft:cobblestone":107,"minecraft:oxeye_daisy":3,"minecraft:feather":1,"farmersdelight:rice":1,"minecraft:andesite":5,"minecraft:leather":3,"minecraft:red_mushroom":9,"minecraft:flint":9,"minecraft:oak_log":11,"minecraft:yellow_bed":6,"tombstone:voodoo_poppet":1,"minecraft:lapis_lazuli":70,"minecraft:dirt":895,"minecraft:white_banner":1,"minecraft:glass":9,"minecraft:bone":17,"minecraft:wheat_seeds":45,"minecraft:raw_gold":14,"minecraft:stone_pickaxe":1,"minecraft:iron_ingot":3,"minecraft:oak_planks":11,"minecraft:birch_boat":4,"minecraft:dandelion":5,"minecraft:raw_iron_block":1,"minecraft:gravel":52,"minecraft:sand":37,"minecraft:blast_furnace":2,"minecraft:white_bed":5,"minecraft:lily_of_the_valley":4,"minecraft:spider_eye":4,"minecraft:bundle":1,"minecraft:diamond":4,"minecraft:granite":1,"minecraft:bread":5,"minecraft:oak_sapling":1,"tombstone:magic_scroll":1,"minecraft:coal":53},"minecraft:dropped":{"minecraft:bread":1,"minecraft:wheat_seeds":1,"minecraft:crafting_table":1,"minecraft:oak_fence":1,"minecraft:cobblestone":49,"minecraft:stick":3,"minecraft:flint":9,"minecraft:oxeye_daisy":1,"minecraft:dirt":840,"minecraft:milk_bucket":1,"minecraft:torch":6,"tombstone:grave_key":1,"minecraft:rose_bush":1,"minecraft:white_banner":1,"minecraft:iron_pickaxe":2,"sereneseasons:calendar":1,"tombstone:voodoo_poppet":1,"minecraft:dandelion":1,"minecraft:wheat":20,"minecraft:rotten_flesh":8,"minecraft:oak_planks":22,"sophisticatedbackpacks:backpack":1,"minecraft:white_bed":5,"minecraft:blast_furnace":2,"tetra:modular_sword":1,"minecraft:yellow_bed":6,"minecraft:golden_leggings":1,"minecraft:birch_boat":2,"minecraft:egg":1},"minecraft:custom":{"minecraft:mob_kills":22,"minecraft:animals_bred":2,"minecraft:interact_with_crafting_table":13,"minecraft:bell_ring":23,"minecraft:leave_game":5,"minecraft:time_since_death":11081,"minecraft:climb_one_cm":1293,"minecraft:sprint_one_cm":433493,"minecraft:walk_one_cm":1158171,"minecraft:drop":106,"minecraft:talked_to_villager":2,"minecraft:play_time":284528,"minecraft:deaths":11,"minecraft:sneak_time":123,"minecraft:walk_under_water_one_cm":24402,"minecraft:boat_one_cm":43735,"minecraft:jump":2058,"minecraft:interact_with_blast_furnace":7,"minecraft:walk_on_water_one_cm":37452,"minecraft:total_world_time":284528,"minecraft:interact_with_furnace":1,"tombstone:raider_killed":1,"minecraft:sleep_in_bed":9,"minecraft:time_since_rest":10371,"minecraft:waystone_activated":2,"minecraft:damage_taken":4293,"minecraft:damage_dealt":5921,"minecraft:swim_one_cm":6392,"minecraft:fly_one_cm":58755,"minecraft:open_chest":56,"minecraft:crouch_one_cm":103,"tombstone:undead_killed":12,"tombstone:villager_killed":1,"minecraft:fall_one_cm":30582},"minecraft:killed_by":{"minecraft:player":1,"minecraft:creeper":1,"minecraft:pillager":1,"minecraft:iron_golem":1,"minecraft:skeleton":4,"minecraft:zombie":2},"minecraft:crafted":{"minecraft:wooden_sword":1,"minecraft:oak_planks":8,"minecraft:raw_iron":9,"minecraft:chest":1,"minecraft:magenta_dye":2,"minecraft:wheat":63,"sophisticatedbackpacks:backpack":3,"minecraft:crafting_table":1,"minecraft:bucket":1,"minecraft:stick":8,"minecraft:iron_ingot":1,"minecraft:iron_pickaxe":1},"minecraft:mined":{"minecraft:diamond_ore":1,"minecraft:white_bed":5,"minecraft:deepslate_diamond_ore":2,"minecraft:oak_door":1,"farmersdelight:wild_carrots":2,"minecraft:grass_block":501,"minecraft:red_mushroom":1,"minecraft:oxeye_daisy":2,"farmersdelight:red_mushroom_colony":1,"minecraft:hay_block":7,"farmersdelight:wild_onions":2,"minecraft:raw_iron_block":1,"minecraft:furnace":1,"farmersdelight:wild_rice":1,"minecraft:iron_ore":47,"minecraft:fire":18,"minecraft:andesite":9,"minecraft:deepslate_lapis_ore":7,"minecraft:peony":2,"minecraft:potted_dandelion":1,"minecraft:deepslate_iron_ore":22,"minecraft:dirt_path":1,"minecraft:stone":70,"minecraft:podzol":3,"minecraft:deepslate_redstone_ore":1,"minecraft:lily_of_the_valley":4,"minecraft:smoker":1,"minecraft:oak_fence":2,"minecraft:crafting_table":3,"minecraft:cornflower":1,"minecraft:torch":5,"minecraft:blast_furnace":2,"minecraft:tall_grass":16,"minecraft:cobblestone":51,"minecraft:lapis_ore":4,"minecraft:deepslate_gold_ore":12,"minecraft:sugar_cane":1,"minecraft:oak_planks":8,"minecraft:wall_torch":3,"farmersdelight:wild_beetroots":2,"minecraft:white_terracotta":2,"minecraft:coarse_dirt":1,"minecraft:tnt":3,"minecraft:yellow_bed":6,"minecraft:grass":66,"minecraft:coal_ore":54,"minecraft:oak_log":2,"minecraft:gravel":63,"minecraft:dirt":441,"minecraft:gold_ore":2,"minecraft:oak_leaves":14,"minecraft:deepslate":8,"minecraft:fern":2}},"DataVersion":3120}