{"stats":{"minecraft:broken":{"minecraft:iron_shovel":2},"minecraft:used":{"minecraft:iron_shovel":701,"minecraft:stone_pickaxe":14,"minecraft:birch_boat":1,"minecraft:torch":1,"minecraft:dirt":44,"minecraft:lily_of_the_valley":2,"tetra:modular_sword":139,"minecraft:crafting_table":4,"minecraft:carrot":8,"minecraft:granite":1,"minecraft:bread":4,"minecraft:iron_pickaxe":97,"minecraft:wooden_sword":20,"minecraft:andesite":5,"minecraft:egg":1,"tombstone:gift":4,"alexsmobs:animal_dictionary":3,"minecraft:potato":1,"minecraft:coarse_dirt":1,"minecraft:cobbled_deepslate":1,"minecraft:golden_axe":18},"minecraft:picked_up":{"sereneseasons:calendar":1,"minecraft:coarse_dirt":1,"minecraft:crafting_table":4,"minecraft:allium":2,"minecraft:feather":1,"minecraft:chicken":1,"minecraft:flower_pot":1,"minecraft:andesite":5,"minecraft:leather":3,"minecraft:lead":1,"minecraft:oak_log":11,"tombstone:grave_key":1,"minecraft:yellow_bed":6,"minecraft:string":1,"tombstone:voodoo_poppet":1,"minecraft:cornflower":3,"minecraft:lapis_lazuli":13,"minecraft:dirt":667,"minecraft:iron_shovel":3,"minecraft:bone":8,"minecraft:wheat_seeds":33,"minecraft:cobbled_deepslate":6,"minecraft:raw_gold":14,"minecraft:poppy":2,"minecraft:beef":4,"minecraft:stone_pickaxe":1,"minecraft:oak_boat":1,"minecraft:rose_bush":1,"minecraft:iron_pickaxe":2,"tetra:modular_sword":2,"minecraft:sugar_cane":3,"minecraft:oak_planks":11,"minecraft:egg":5,"minecraft:raw_iron":19,"minecraft:birch_boat":4,"minecraft:oak_fence":1,"minecraft:torch":4,"minecraft:dandelion":5,"sophisticatedbackpacks:backpack":1,"minecraft:porkchop":2,"minecraft:white_bed":5,"tombstone:grave_dust":1,"minecraft:carrot":5,"minecraft:lily_of_the_valley":4,"minecraft:spider_eye":2,"minecraft:bundle":1,"minecraft:rotten_flesh":8,"minecraft:arrow":7,"minecraft:diamond":1,"farmersdelight:onion":2,"minecraft:hay_block":7,"minecraft:granite":1,"minecraft:bread":4,"tombstone:magic_scroll":1,"minecraft:cobblestone":45,"minecraft:oxeye_daisy":3},"minecraft:custom":{"minecraft:interact_with_furnace":1,"minecraft:mob_kills":16,"minecraft:animals_bred":2,"minecraft:interact_with_crafting_table":8,"minecraft:leave_game":3,"minecraft:time_since_death":4445,"minecraft:sleep_in_bed":4,"minecraft:climb_one_cm":1157,"minecraft:time_since_rest":3965,"minecraft:waystone_activated":2,"minecraft:sprint_one_cm":222241,"minecraft:damage_taken":2652,"minecraft:walk_one_cm":619129,"minecraft:drop":31,"minecraft:damage_dealt":3788,"minecraft:swim_one_cm":6392,"minecraft:talked_to_villager":1,"minecraft:fly_one_cm":32937,"minecraft:open_chest":22,"minecraft:crouch_one_cm":103,"minecraft:play_time":138887,"tombstone:undead_killed":9,"minecraft:deaths":8,"minecraft:sneak_time":41,"minecraft:walk_under_water_one_cm":5340,"minecraft:boat_one_cm":22819,"tombstone:villager_killed":1,"minecraft:jump":1058,"minecraft:interact_with_blast_furnace":1,"minecraft:walk_on_water_one_cm":13116,"minecraft:total_world_time":138887,"minecraft:fall_one_cm":15564},"minecraft:killed_by":{"minecraft:player":1,"minecraft:skeleton":3,"minecraft:creeper":1,"minecraft:zombie":2},"minecraft:crafted":{"minecraft:wooden_sword":1,"minecraft:oak_planks":8,"sophisticatedbackpacks:backpack":3,"minecraft:crafting_table":1,"minecraft:iron_ingot":1,"minecraft:stick":4,"minecraft:chest":1,"minecraft:magenta_dye":2,"minecraft:wheat":63},"minecraft:mined":{"minecraft:podzol":3,"minecraft:white_bed":5,"minecraft:lily_of_the_valley":4,"farmersdelight:wild_carrots":2,"minecraft:oak_fence":1,"minecraft:crafting_table":3,"minecraft:cornflower":1,"minecraft:torch":2,"minecraft:grass_block":394,"minecraft:cobblestone":4,"minecraft:tall_grass":9,"minecraft:oak_planks":8,"minecraft:lapis_ore":1,"minecraft:deepslate_gold_ore":12,"minecraft:sugar_cane":1,"minecraft:oxeye_daisy":2,"minecraft:wall_torch":1,"minecraft:hay_block":7,"farmersdelight:wild_onions":2,"minecraft:coarse_dirt":1,"minecraft:iron_ore":11,"minecraft:andesite":5,"minecraft:yellow_bed":6,"minecraft:deepslate_lapis_ore":1,"minecraft:peony":2,"minecraft:grass":37,"minecraft:dirt_path":1,"minecraft:potted_dandelion":1,"minecraft:oak_log":2,"minecraft:deepslate_iron_ore":17,"minecraft:dirt":304,"minecraft:stone":42,"minecraft:gold_ore":2,"minecraft:oak_leaves":3,"minecraft:deepslate":6,"minecraft:fern":2},"minecraft:dropped":{"minecraft:wheat_seeds":1,"minecraft:crafting_table":1,"minecraft:wheat":20,"minecraft:oak_fence":1,"minecraft:cobblestone":4,"minecraft:rotten_flesh":4,"sophisticatedbackpacks:backpack":1,"minecraft:stick":3,"minecraft:oxeye_daisy":1,"minecraft:dirt":5,"tetra:modular_sword":1,"tombstone:grave_key":1,"minecraft:rose_bush":1,"minecraft:golden_leggings":1,"minecraft:birch_boat":2,"minecraft:iron_pickaxe":1,"sereneseasons:calendar":1,"tombstone:voodoo_poppet":1,"minecraft:dandelion":1},"minecraft:killed":{"minecraft:pig":1,"minecraft:wandering_trader":1,"minecraft:trader_llama":2,"minecraft:zombie":9,"minecraft:chicken":1,"minecraft:cow":2}},"DataVersion":3120}