{"stats":{"minecraft:crafted":{"minecraft:wooden_sword":1,"minecraft:oak_planks":8,"minecraft:raw_iron":9,"minecraft:glass":6,"minecraft:cake":1,"tombstone:grave_key":1,"minecraft:chest":1,"minecraft:stone_hoe":1,"minecraft:magenta_dye":2,"minecraft:wheat":171,"minecraft:sugar":2,"minecraft:glass_bottle":6,"minecraft:diamond_sword":1,"sophisticatedbackpacks:backpack":3,"minecraft:crafting_table":1,"minecraft:enchanting_table":1,"minecraft:bucket":2,"farmersdelight:sweet_berry_cookie":8,"minecraft:bread":35,"minecraft:diamond_pickaxe":1,"minecraft:stick":12,"minecraft:iron_ingot":1,"minecraft:iron_pickaxe":2,"farmersdelight:milk_bottle":8},"minecraft:dropped":{"minecraft:water_bucket":1,"minecraft:bread":15,"minecraft:wheat_seeds":2,"minecraft:crafting_table":1,"minecraft:oak_fence":1,"minecraft:cobblestone":51,"minecraft:flint":9,"minecraft:stick":3,"minecraft:oxeye_daisy":1,"minecraft:dirt":840,"minecraft:milk_bucket":1,"minecraft:torch":6,"tombstone:grave_key":2,"minecraft:rose_bush":1,"farmersdelight:sweet_berry_cookie":4,"minecraft:white_banner":1,"minecraft:iron_pickaxe":2,"tombstone:voodoo_poppet":1,"minecraft:bucket":2,"sereneseasons:calendar":1,"minecraft:dandelion":1,"minecraft:gravel":3,"minecraft:cobbled_deepslate":371,"minecraft:tuff":2,"minecraft:pointed_dripstone":4,"minecraft:wheat":20,"minecraft:raw_iron":48,"minecraft:rotten_flesh":10,"minecraft:oak_planks":22,"sophisticatedbackpacks:backpack":1,"minecraft:white_bed":5,"minecraft:blast_furnace":2,"minecraft:diamond_sword":1,"alexsmobs:lobster_bucket":1,"tetra:modular_sword":1,"minecraft:diamond_pickaxe":1,"minecraft:yellow_bed":6,"minecraft:golden_leggings":1,"minecraft:oak_boat":1,"minecraft:birch_boat":2,"minecraft:egg":1},"minecraft:killed":{"minecraft:cave_spider":2,"minecraft:spider":4,"alexsmobs:murmur":1,"minecraft:chicken":1,"minecraft:pig":1,"minecraft:iron_golem":1,"minecraft:wandering_trader":1,"minecraft:trader_llama":2,"minecraft:pillager":3,"minecraft:zombie":13,"minecraft:cow":2},"minecraft:picked_up":{"minecraft:wheat":8,"sereneseasons:calendar":2,"minecraft:coarse_dirt":1,"minecraft:crafting_table":4,"minecraft:iron_chestplate":1,"minecraft:allium":3,"minecraft:chicken":1,"minecraft:flower_pot":1,"minecraft:diamond_sword":1,"minecraft:lead":1,"tombstone:grave_key":2,"minecraft:amethyst_block":4,"minecraft:cornflower":5,"minecraft:string":29,"minecraft:raw_copper":2,"minecraft:flint_and_steel":9,"minecraft:iron_leggings":1,"minecraft:iron_shovel":4,"minecraft:cobbled_deepslate":432,"minecraft:bucket":1,"alexsmobs:elastic_tendon":1,"minecraft:beef":4,"minecraft:oak_boat":7,"minecraft:rose_bush":1,"minecraft:calcite":3,"tetra:modular_sword":2,"minecraft:poppy":5,"minecraft:iron_pickaxe":3,"minecraft:sugar_cane":14,"minecraft:furnace":1,"farmersdelight:cabbage_seeds":2,"minecraft:iron_boots":1,"minecraft:egg":16,"minecraft:raw_iron":73,"alexsmobs:small_catfish_bucket":1,"minecraft:oak_door":2,"minecraft:oak_fence":3,"minecraft:torch":20,"sophisticatedbackpacks:backpack":1,"alexsmobs:lobster_bucket":1,"minecraft:porkchop":2,"minecraft:pointed_dripstone":4,"tombstone:grave_dust":2,"minecraft:carrot":18,"minecraft:redstone":9,"minecraft:goat_horn":1,"tombstone:lollipop":1,"minecraft:tnt":1,"minecraft:arrow":18,"minecraft:rotten_flesh":18,"minecraft:cooked_cod":2,"farmersdelight:onion":2,"minecraft:hay_block":19,"minecraft:white_terracotta":2,"minecraft:obsidian":6,"minecraft:cobblestone":117,"minecraft:oxeye_daisy":3,"minecraft:magma_block":1,"minecraft:feather":1,"farmersdelight:rice":1,"minecraft:water_bucket":1,"minecraft:andesite":6,"minecraft:leather":3,"minecraft:red_mushroom":9,"minecraft:flint":10,"minecraft:tuff":2,"minecraft:oak_log":11,"minecraft:yellow_bed":6,"tombstone:voodoo_poppet":1,"minecraft:lapis_lazuli":109,"minecraft:dirt":941,"minecraft:white_banner":2,"minecraft:glass":12,"minecraft:bone":19,"minecraft:wheat_seeds":84,"minecraft:raw_gold":23,"minecraft:iron_ingot":10,"minecraft:stone_pickaxe":1,"minecraft:oak_planks":11,"minecraft:smooth_basalt":2,"minecraft:cooked_porkchop":1,"minecraft:birch_boat":4,"minecraft:pumpkin":4,"minecraft:dandelion":5,"minecraft:raw_iron_block":1,"minecraft:gravel":55,"minecraft:sand":50,"minecraft:blast_furnace":2,"minecraft:white_bed":5,"minecraft:lily_of_the_valley":4,"minecraft:spider_eye":7,"minecraft:bundle":1,"minecraft:iron_hoe":1,"minecraft:pumpkin_seeds":1,"minecraft:diamond":9,"tombstone:tablet_of_recall":1,"minecraft:granite":1,"minecraft:golden_apple":1,"minecraft:bread":8,"tombstone:magic_scroll":1,"minecraft:oak_sapling":1,"minecraft:ender_pearl":1,"minecraft:netherrack":1,"minecraft:coal":53,"minecraft:diamond_pickaxe":1},"minecraft:custom":{"minecraft:mob_kills":32,"minecraft:animals_bred":2,"minecraft:interact_with_crafting_table":37,"minecraft:bell_ring":23,"minecraft:eat_cake_slice":2,"minecraft:leave_game":7,"minecraft:time_since_death":11039,"minecraft:climb_one_cm":2337,"minecraft:walk_one_cm":2362437,"minecraft:sprint_one_cm":801340,"tombstone:consume_soul":1,"minecraft:drop":153,"minecraft:talked_to_villager":2,"minecraft:play_time":572028,"minecraft:sneak_time":627,"minecraft:deaths":13,"minecraft:walk_under_water_one_cm":48686,"minecraft:boat_one_cm":98353,"minecraft:jump":3857,"minecraft:interact_with_blast_furnace":10,"minecraft:walk_on_water_one_cm":85028,"minecraft:total_world_time":572028,"minecraft:interact_with_furnace":2,"tombstone:raider_killed":3,"minecraft:sleep_in_bed":22,"minecraft:time_since_rest":10624,"minecraft:waystone_activated":2,"minecraft:damage_taken":6055,"minecraft:damage_dealt":7131,"minecraft:swim_one_cm":35600,"minecraft:fly_one_cm":104912,"minecraft:open_chest":137,"minecraft:crouch_one_cm":557,"tombstone:undead_killed":14,"tombstone:villager_killed":1,"minecraft:fall_one_cm":62666},"minecraft:killed_by":{"minecraft:player":1,"minecraft:creeper":1,"minecraft:pillager":1,"minecraft:iron_golem":1,"minecraft:skeleton":5,"minecraft:zombie":2},"minecraft:broken":{"minecraft:golden_helmet":1,"minecraft:iron_shovel":3,"minecraft:flint_and_steel":5,"minecraft:stone_hoe":1,"minecraft:iron_pickaxe":3},"minecraft:used":{"minecraft:enchanting_table":1,"minecraft:iron_shovel":947,"minecraft:flint_and_steel":338,"alexsmobs:small_catfish_bucket":2,"farmersdelight:cabbage_seeds":11,"minecraft:stone_hoe":191,"minecraft:netherrack":1,"minecraft:torch":17,"minecraft:dirt":166,"minecraft:lily_of_the_valley":2,"tetra:modular_sword":233,"minecraft:allium":1,"minecraft:carrot":36,"tombstone:tablet_of_recall":1,"minecraft:granite":1,"farmersdelight:sweet_berry_cookie":3,"minecraft:milk_bucket":1,"minecraft:iron_hoe":37,"minecraft:lava_bucket":1,"minecraft:melon_seeds":7,"minecraft:sweet_berries":21,"alexsmobs:lobster_bucket":3,"minecraft:cooked_cod":2,"tombstone:gift":7,"minecraft:egg":2,"minecraft:potato":23,"farmersdelight:tomato_seeds":2,"minecraft:cobbled_deepslate":59,"minecraft:golden_axe":23,"minecraft:wheat_seeds":95,"minecraft:water_bucket":38,"farmersdelight:milk_bottle":1,"minecraft:stone_pickaxe":16,"minecraft:birch_boat":1,"minecraft:sugar_cane":4,"minecraft:golden_apple":1,"farmersdelight:onion":2,"minecraft:tnt":1,"minecraft:crafting_table":5,"minecraft:red_mushroom":6,"minecraft:crossbow":10,"farmersdelight:rice":14,"minecraft:pumpkin_seeds":5,"minecraft:cake":1,"minecraft:diamond_pickaxe":90,"minecraft:iron_pickaxe":752,"minecraft:bread":33,"tombstone:grave_key":1,"minecraft:gravel":8,"minecraft:diamond_sword":66,"minecraft:wooden_sword":20,"minecraft:cobblestone":51,"minecraft:white_banner":1,"minecraft:cooked_porkchop":1,"minecraft:andesite":6,"minecraft:bucket":44,"minecraft:oak_boat":3,"alexsmobs:animal_dictionary":3,"minecraft:coarse_dirt":1},"minecraft:mined":{"minecraft:diamond_ore":1,"minecraft:tuff":2,"minecraft:white_bed":5,"minecraft:deepslate_diamond_ore":5,"minecraft:oak_door":1,"farmersdelight:wild_carrots":15,"minecraft:obsidian":6,"minecraft:allium":1,"minecraft:grass_block":526,"farmersdelight:wild_cabbages":2,"minecraft:red_mushroom":1,"minecraft:oxeye_daisy":2,"farmersdelight:red_mushroom_colony":1,"minecraft:redstone_ore":1,"minecraft:hay_block":19,"farmersdelight:wild_onions":2,"minecraft:raw_iron_block":1,"minecraft:magma_block":1,"minecraft:furnace":1,"minecraft:iron_ore":53,"farmersdelight:wild_rice":1,"minecraft:cobbled_deepslate":35,"minecraft:fire":18,"minecraft:andesite":10,"minecraft:pumpkin":4,"minecraft:deepslate_lapis_ore":15,"minecraft:peony":2,"minecraft:potted_dandelion":1,"minecraft:deepslate_iron_ore":27,"minecraft:dirt_path":1,"minecraft:stone":73,"minecraft:podzol":3,"minecraft:deepslate_redstone_ore":1,"minecraft:lily_of_the_valley":4,"minecraft:smoker":1,"minecraft:oak_fence":2,"minecraft:crafting_table":3,"minecraft:cornflower":3,"minecraft:torch":10,"minecraft:blast_furnace":2,"minecraft:calcite":4,"minecraft:copper_ore":1,"minecraft:tall_grass":28,"minecraft:cobblestone":52,"minecraft:deepslate_gold_ore":16,"minecraft:lapis_ore":4,"minecraft:oak_planks":8,"minecraft:sugar_cane":9,"minecraft:wall_torch":4,"minecraft:seagrass":1,"farmersdelight:wild_beetroots":2,"minecraft:white_terracotta":2,"minecraft:coarse_dirt":1,"minecraft:wheat":11,"minecraft:sweet_berry_bush":3,"minecraft:tnt":3,"minecraft:bee_nest":1,"minecraft:yellow_bed":6,"minecraft:grass":152,"minecraft:oak_log":2,"minecraft:coal_ore":54,"minecraft:gravel":63,"minecraft:dirt":445,"minecraft:cobweb":24,"minecraft:smooth_basalt":5,"minecraft:netherrack":2,"minecraft:gold_ore":7,"minecraft:oak_leaves":14,"minecraft:deepslate":401,"minecraft:fern":2}},"DataVersion":3120}