{"stats":{"minecraft:used":{"minecraft:iron_shovel":947,"alexsmobs:small_catfish_bucket":2,"farmersdelight:cabbage_seeds":13,"minecraft:lily_of_the_valley":2,"minecraft:carrot":44,"minecraft:allium":1,"minecraft:milk_bucket":1,"farmersdelight:sweet_berry_cookie":3,"minecraft:lava_bucket":1,"minecraft:sweet_berries":60,"minecraft:cooked_cod":2,"minecraft:egg":2,"minecraft:potato":47,"minecraft:stone_pickaxe":16,"minecraft:sugar_cane":4,"minecraft:golden_apple":1,"minecraft:crossbow":17,"farmersdelight:rice":14,"minecraft:pumpkin_seeds":8,"minecraft:bread":39,"tombstone:grave_key":1,"minecraft:gravel":8,"minecraft:diamond_sword":117,"minecraft:wooden_sword":20,"minecraft:andesite":6,"minecraft:oak_boat":3,"minecraft:coarse_dirt":1,"minecraft:enchanting_table":1,"minecraft:flint_and_steel":338,"minecraft:stone_hoe":191,"minecraft:netherrack":1,"minecraft:torch":27,"minecraft:dirt":592,"tetra:modular_sword":233,"tombstone:tablet_of_recall":1,"minecraft:granite":1,"minecraft:iron_hoe":45,"minecraft:melon_seeds":7,"alexsmobs:lobster_bucket":3,"tombstone:gift":8,"minecraft:cooked_beef":3,"farmersdelight:tomato_seeds":4,"minecraft:cobbled_deepslate":64,"minecraft:golden_axe":23,"minecraft:wheat_seeds":175,"minecraft:water_bucket":45,"farmersdelight:milk_bottle":1,"minecraft:birch_boat":1,"farmersdelight:onion":2,"minecraft:tnt":1,"minecraft:crafting_table":5,"minecraft:red_mushroom":6,"minecraft:cake":1,"minecraft:diamond_pickaxe":125,"minecraft:iron_pickaxe":752,"minecraft:cobblestone":52,"minecraft:white_banner":1,"minecraft:cooked_porkchop":1,"minecraft:bucket":52,"alexsmobs:animal_dictionary":3},"minecraft:broken":{"minecraft:golden_helmet":1,"minecraft:iron_shovel":3,"minecraft:flint_and_steel":5,"minecraft:stone_hoe":1,"minecraft:iron_pickaxe":3},"minecraft:killed":{"alexsmobs:lobster":1,"minecraft:cave_spider":2,"minecraft:spider":5,"alexsmobs:murmur":1,"minecraft:cod":5,"minecraft:skeleton":1,"minecraft:chicken":1,"minecraft:pig":1,"minecraft:salmon":2,"minecraft:iron_golem":1,"minecraft:creeper":1,"minecraft:trader_llama":2,"minecraft:pillager":3,"minecraft:zombie":16,"minecraft:cow":2,"minecraft:wandering_trader":1},"minecraft:picked_up":{"sereneseasons:calendar":2,"minecraft:iron_chestplate":1,"minecraft:wheat":88,"minecraft:flower_pot":1,"minecraft:diamond_sword":1,"minecraft:lead":1,"farmersdelight:rice_panicle":14,"tombstone:grave_key":2,"minecraft:amethyst_block":11,"minecraft:string":29,"minecraft:raw_copper":2,"minecraft:iron_leggings":1,"minecraft:cobbled_deepslate":440,"minecraft:bucket":1,"minecraft:rose_bush":1,"minecraft:calcite":8,"minecraft:iron_pickaxe":3,"tetra:modular_sword":2,"farmersdelight:cabbage_seeds":4,"minecraft:iron_boots":1,"minecraft:furnace":1,"alexsmobs:small_catfish_bucket":1,"minecraft:oak_fence":3,"minecraft:torch":28,"minecraft:porkchop":2,"alexsmobs:lobster_bucket":1,"tombstone:grave_dust":5,"minecraft:pointed_dripstone":5,"minecraft:goat_horn":1,"tombstone:lollipop":1,"minecraft:rotten_flesh":24,"farmersdelight:onion":7,"minecraft:white_terracotta":2,"minecraft:obsidian":6,"minecraft:cod":4,"minecraft:cobblestone":118,"minecraft:magma_block":1,"minecraft:feather":1,"minecraft:cooked_beef":3,"farmersdelight:rice":15,"minecraft:water_bucket":1,"minecraft:andesite":6,"minecraft:potato":31,"minecraft:flint":10,"minecraft:tuff":2,"minecraft:lapis_lazuli":109,"farmersdelight:tomato":4,"minecraft:dirt":1340,"minecraft:glass":12,"minecraft:bone":22,"minecraft:wheat_seeds":308,"minecraft:raw_gold":23,"minecraft:oak_planks":11,"minecraft:cooked_porkchop":1,"minecraft:sand":50,"minecraft:lily_of_the_valley":4,"minecraft:bundle":1,"minecraft:iron_hoe":1,"minecraft:diamond":12,"tombstone:tablet_of_recall":1,"minecraft:granite":1,"minecraft:golden_apple":1,"minecraft:bread":10,"minecraft:oak_sapling":1,"minecraft:netherrack":1,"minecraft:diamond_pickaxe":1,"minecraft:allium":3,"minecraft:coarse_dirt":1,"minecraft:crafting_table":4,"minecraft:chicken":1,"minecraft:cornflower":5,"minecraft:flint_and_steel":9,"minecraft:iron_shovel":4,"minecraft:beef":4,"minecraft:oak_boat":7,"alexsmobs:elastic_tendon":1,"minecraft:poppy":5,"minecraft:sugar_cane":14,"minecraft:egg":16,"minecraft:raw_iron":73,"minecraft:oak_door":2,"sophisticatedbackpacks:backpack":1,"farmersdelight:tomato_seeds":2,"minecraft:carrot":26,"minecraft:redstone":9,"minecraft:tnt":1,"minecraft:arrow":24,"minecraft:cooked_cod":2,"minecraft:hay_block":19,"minecraft:oxeye_daisy":3,"minecraft:salmon":2,"minecraft:leather":3,"minecraft:red_mushroom":9,"minecraft:oak_log":11,"minecraft:yellow_bed":6,"tombstone:voodoo_poppet":1,"minecraft:white_banner":2,"minecraft:kelp":7,"minecraft:iron_ingot":10,"minecraft:stone_pickaxe":1,"minecraft:smooth_basalt":11,"minecraft:birch_boat":4,"minecraft:pumpkin":4,"minecraft:sweet_berries":35,"minecraft:dandelion":5,"minecraft:raw_iron_block":1,"minecraft:dripstone_block":1,"minecraft:gravel":55,"minecraft:blast_furnace":2,"minecraft:white_bed":5,"minecraft:spider_eye":7,"minecraft:pumpkin_seeds":4,"minecraft:baked_potato":3,"tombstone:magic_scroll":1,"minecraft:coal":69,"minecraft:ender_pearl":1},"minecraft:dropped":{"minecraft:crafting_table":1,"minecraft:flint":9,"minecraft:dirt":841,"farmersdelight:sweet_berry_cookie":4,"minecraft:iron_pickaxe":2,"sereneseasons:calendar":1,"minecraft:gravel":3,"minecraft:cobbled_deepslate":371,"minecraft:wheat":20,"minecraft:pointed_dripstone":4,"minecraft:rotten_flesh":10,"minecraft:oak_planks":22,"minecraft:white_bed":5,"tetra:modular_sword":1,"alexsmobs:lobster_bucket":1,"minecraft:egg":1,"minecraft:water_bucket":1,"minecraft:bread":15,"minecraft:wheat_seeds":2,"minecraft:oak_fence":1,"minecraft:golden_axe":1,"minecraft:cobblestone":51,"minecraft:stick":3,"minecraft:oxeye_daisy":1,"minecraft:milk_bucket":1,"minecraft:torch":6,"tombstone:grave_key":2,"minecraft:rose_bush":1,"minecraft:white_banner":1,"minecraft:bucket":2,"tombstone:voodoo_poppet":1,"minecraft:dandelion":1,"minecraft:smooth_basalt":2,"minecraft:tuff":2,"minecraft:raw_iron":48,"sophisticatedbackpacks:backpack":1,"minecraft:blast_furnace":2,"minecraft:diamond_sword":1,"minecraft:diamond_pickaxe":1,"minecraft:yellow_bed":6,"minecraft:oak_boat":1,"minecraft:golden_leggings":1,"minecraft:birch_boat":2,"minecraft:calcite":8},"minecraft:custom":{"minecraft:animals_bred":2,"minecraft:interact_with_crafting_table":45,"minecraft:bell_ring":23,"minecraft:eat_cake_slice":2,"minecraft:leave_game":9,"minecraft:time_since_death":24129,"minecraft:sprint_one_cm":920480,"minecraft:drop":165,"minecraft:talked_to_villager":2,"minecraft:play_time":679788,"minecraft:deaths":15,"minecraft:jump":4317,"minecraft:walk_on_water_one_cm":108949,"minecraft:interact_with_furnace":5,"minecraft:sleep_in_bed":29,"minecraft:waystone_activated":2,"minecraft:damage_dealt":8360,"minecraft:crouch_one_cm":557,"tombstone:undead_killed":18,"tombstone:villager_killed":1,"minecraft:interact_with_smoker":2,"minecraft:mob_kills":45,"minecraft:climb_one_cm":2337,"minecraft:walk_one_cm":2665197,"tombstone:consume_soul":1,"minecraft:sneak_time":945,"minecraft:walk_under_water_one_cm":116982,"minecraft:boat_one_cm":98353,"minecraft:interact_with_blast_furnace":13,"minecraft:total_world_time":679788,"tombstone:raider_killed":3,"minecraft:time_since_rest":21683,"minecraft:damage_taken":6956,"minecraft:swim_one_cm":43321,"minecraft:fly_one_cm":115466,"minecraft:open_chest":178,"minecraft:fall_one_cm":66804},"minecraft:killed_by":{"minecraft:creeper":1,"minecraft:pillager":1,"minecraft:zombie":3,"minecraft:player":1,"minecraft:iron_golem":1,"minecraft:skeleton":6},"minecraft:crafted":{"minecraft:oak_planks":8,"minecraft:cake":1,"minecraft:glass":6,"tombstone:grave_key":1,"minecraft:chest":1,"minecraft:stone_hoe":1,"minecraft:magenta_dye":2,"minecraft:glass_bottle":6,"sophisticatedbackpacks:backpack":3,"minecraft:crafting_table":1,"minecraft:diamond_pickaxe":1,"minecraft:stick":12,"minecraft:iron_ingot":1,"minecraft:iron_pickaxe":2,"farmersdelight:milk_bottle":8,"minecraft:wooden_sword":1,"minecraft:raw_iron":9,"minecraft:wheat":171,"sophisticatedbackpacks:iron_backpack":1,"minecraft:sugar":2,"minecraft:diamond_sword":1,"minecraft:enchanting_table":1,"minecraft:bucket":2,"farmersdelight:sweet_berry_cookie":8,"minecraft:bread":42},"minecraft:mined":{"minecraft:white_bed":5,"minecraft:obsidian":6,"minecraft:budding_amethyst":1,"minecraft:grass_block":534,"minecraft:oxeye_daisy":2,"minecraft:magma_block":1,"minecraft:raw_iron_block":1,"farmersdelight:wild_rice":1,"farmersdelight:rice":14,"minecraft:iron_ore":53,"minecraft:cobbled_deepslate":35,"minecraft:fire":18,"minecraft:pumpkin":4,"minecraft:deepslate_lapis_ore":15,"minecraft:potted_dandelion":1,"minecraft:dirt_path":1,"farmersdelight:rice_panicles":14,"minecraft:deepslate_redstone_ore":1,"minecraft:kelp_plant":6,"minecraft:melon_stem":1,"minecraft:smoker":1,"minecraft:torch":16,"minecraft:blast_furnace":2,"minecraft:calcite":9,"farmersdelight:cabbages":2,"minecraft:cobblestone":52,"minecraft:sugar_cane":9,"minecraft:oak_planks":8,"minecraft:wall_torch":4,"minecraft:amethyst_block":6,"minecraft:seagrass":2,"minecraft:white_terracotta":2,"minecraft:wheat":93,"minecraft:pumpkin_stem":3,"minecraft:tnt":3,"minecraft:grass":176,"minecraft:oak_log":2,"minecraft:dirt":454,"minecraft:smooth_basalt":15,"minecraft:netherrack":2,"minecraft:oak_leaves":14,"minecraft:deepslate":409,"minecraft:diamond_ore":1,"minecraft:tuff":2,"farmersdelight:onions":1,"minecraft:deepslate_diamond_ore":8,"minecraft:oak_door":1,"farmersdelight:wild_carrots":15,"minecraft:allium":1,"farmersdelight:tomatoes":2,"farmersdelight:wild_cabbages":2,"minecraft:kelp":1,"minecraft:red_mushroom":1,"farmersdelight:red_mushroom_colony":1,"minecraft:hay_block":19,"farmersdelight:wild_onions":2,"minecraft:redstone_ore":1,"minecraft:furnace":1,"minecraft:carrots":5,"minecraft:andesite":10,"minecraft:peony":2,"minecraft:potatoes":22,"minecraft:deepslate_iron_ore":27,"minecraft:stone":73,"minecraft:podzol":3,"minecraft:lily_of_the_valley":4,"minecraft:oak_fence":2,"minecraft:crafting_table":3,"minecraft:cornflower":3,"minecraft:tall_grass":33,"minecraft:copper_ore":1,"minecraft:lapis_ore":4,"minecraft:deepslate_gold_ore":16,"farmersdelight:wild_beetroots":2,"minecraft:coarse_dirt":1,"minecraft:sweet_berry_bush":19,"minecraft:bee_nest":1,"minecraft:yellow_bed":6,"minecraft:coal_ore":54,"minecraft:gravel":63,"minecraft:dripstone_block":1,"minecraft:cobweb":24,"minecraft:gold_ore":7,"minecraft:fern":2}},"DataVersion":3120}