{"stats":{"minecraft:used":{"minecraft:enchanting_table":1,"minecraft:iron_shovel":947,"minecraft:flint_and_steel":338,"alexsmobs:small_catfish_bucket":2,"farmersdelight:cabbage_seeds":13,"minecraft:stone_hoe":191,"minecraft:netherrack":1,"minecraft:torch":26,"minecraft:dirt":166,"minecraft:lily_of_the_valley":2,"tetra:modular_sword":233,"minecraft:allium":1,"minecraft:carrot":44,"tombstone:tablet_of_recall":1,"minecraft:granite":1,"farmersdelight:sweet_berry_cookie":3,"minecraft:milk_bucket":1,"minecraft:iron_hoe":45,"minecraft:lava_bucket":1,"minecraft:melon_seeds":7,"minecraft:sweet_berries":60,"alexsmobs:lobster_bucket":3,"minecraft:cooked_cod":2,"minecraft:egg":2,"tombstone:gift":7,"minecraft:potato":47,"minecraft:cooked_beef":3,"farmersdelight:tomato_seeds":4,"minecraft:cobbled_deepslate":64,"minecraft:golden_axe":23,"minecraft:wheat_seeds":175,"minecraft:water_bucket":43,"farmersdelight:milk_bottle":1,"minecraft:stone_pickaxe":16,"minecraft:birch_boat":1,"minecraft:sugar_cane":4,"minecraft:golden_apple":1,"farmersdelight:onion":2,"minecraft:tnt":1,"minecraft:crafting_table":5,"minecraft:red_mushroom":6,"minecraft:crossbow":13,"farmersdelight:rice":14,"minecraft:pumpkin_seeds":8,"minecraft:cake":1,"minecraft:diamond_pickaxe":125,"minecraft:iron_pickaxe":752,"minecraft:bread":33,"tombstone:grave_key":1,"minecraft:gravel":8,"minecraft:diamond_sword":91,"minecraft:wooden_sword":20,"minecraft:cobblestone":51,"minecraft:white_banner":1,"minecraft:cooked_porkchop":1,"minecraft:andesite":6,"minecraft:bucket":50,"minecraft:oak_boat":3,"alexsmobs:animal_dictionary":3,"minecraft:coarse_dirt":1},"minecraft:broken":{"minecraft:golden_helmet":1,"minecraft:iron_shovel":3,"minecraft:flint_and_steel":5,"minecraft:stone_hoe":1,"minecraft:iron_pickaxe":3},"minecraft:killed":{"minecraft:cave_spider":2,"minecraft:spider":4,"alexsmobs:murmur":1,"minecraft:skeleton":1,"minecraft:chicken":1,"minecraft:pig":1,"minecraft:iron_golem":1,"minecraft:wandering_trader":1,"minecraft:creeper":1,"minecraft:trader_llama":2,"minecraft:pillager":3,"minecraft:zombie":15,"minecraft:cow":2},"minecraft:picked_up":{"minecraft:crafting_table":4,"sereneseasons:calendar":2,"minecraft:iron_chestplate":1,"minecraft:coarse_dirt":1,"minecraft:wheat":88,"minecraft:allium":3,"minecraft:chicken":1,"minecraft:flower_pot":1,"minecraft:lead":1,"minecraft:diamond_sword":1,"farmersdelight:rice_panicle":14,"tombstone:grave_key":2,"minecraft:amethyst_block":11,"minecraft:cornflower":5,"minecraft:string":29,"minecraft:raw_copper":2,"minecraft:flint_and_steel":9,"minecraft:iron_leggings":1,"minecraft:iron_shovel":4,"minecraft:cobbled_deepslate":440,"minecraft:bucket":1,"minecraft:beef":4,"alexsmobs:elastic_tendon":1,"minecraft:oak_boat":7,"minecraft:rose_bush":1,"minecraft:calcite":8,"tetra:modular_sword":2,"minecraft:poppy":5,"minecraft:iron_pickaxe":3,"minecraft:sugar_cane":14,"minecraft:furnace":1,"farmersdelight:cabbage_seeds":4,"minecraft:iron_boots":1,"minecraft:egg":16,"minecraft:raw_iron":73,"alexsmobs:small_catfish_bucket":1,"minecraft:oak_door":2,"minecraft:oak_fence":3,"minecraft:torch":27,"sophisticatedbackpacks:backpack":1,"alexsmobs:lobster_bucket":1,"minecraft:porkchop":2,"farmersdelight:tomato_seeds":2,"minecraft:pointed_dripstone":5,"tombstone:grave_dust":4,"minecraft:carrot":26,"minecraft:redstone":9,"minecraft:goat_horn":1,"tombstone:lollipop":1,"minecraft:tnt":1,"minecraft:arrow":20,"minecraft:rotten_flesh":20,"minecraft:cooked_cod":2,"farmersdelight:onion":7,"minecraft:hay_block":19,"minecraft:white_terracotta":2,"minecraft:obsidian":6,"minecraft:cobblestone":117,"minecraft:oxeye_daisy":3,"minecraft:magma_block":1,"minecraft:feather":1,"minecraft:cooked_beef":3,"farmersdelight:rice":15,"minecraft:water_bucket":1,"minecraft:andesite":6,"minecraft:leather":3,"minecraft:red_mushroom":9,"minecraft:potato":31,"minecraft:flint":10,"minecraft:tuff":2,"minecraft:oak_log":11,"minecraft:yellow_bed":6,"farmersdelight:tomato":4,"tombstone:voodoo_poppet":1,"minecraft:lapis_lazuli":109,"minecraft:dirt":945,"minecraft:white_banner":2,"minecraft:glass":12,"minecraft:bone":22,"minecraft:wheat_seeds":306,"minecraft:raw_gold":23,"minecraft:iron_ingot":10,"minecraft:stone_pickaxe":1,"minecraft:oak_planks":11,"minecraft:smooth_basalt":11,"minecraft:cooked_porkchop":1,"minecraft:birch_boat":4,"minecraft:pumpkin":4,"minecraft:sweet_berries":35,"minecraft:dandelion":5,"minecraft:raw_iron_block":1,"minecraft:dripstone_block":1,"minecraft:gravel":55,"minecraft:sand":50,"minecraft:blast_furnace":2,"minecraft:white_bed":5,"minecraft:lily_of_the_valley":4,"minecraft:spider_eye":7,"minecraft:bundle":1,"minecraft:iron_hoe":1,"minecraft:pumpkin_seeds":4,"minecraft:diamond":12,"tombstone:tablet_of_recall":1,"minecraft:granite":1,"minecraft:golden_apple":1,"minecraft:bread":8,"tombstone:magic_scroll":1,"minecraft:oak_sapling":1,"minecraft:netherrack":1,"minecraft:coal":53,"minecraft:diamond_pickaxe":1,"minecraft:ender_pearl":1},"minecraft:dropped":{"minecraft:water_bucket":1,"minecraft:bread":15,"minecraft:wheat_seeds":2,"minecraft:crafting_table":1,"minecraft:golden_axe":1,"minecraft:oak_fence":1,"minecraft:cobblestone":51,"minecraft:flint":9,"minecraft:stick":3,"minecraft:oxeye_daisy":1,"minecraft:dirt":840,"minecraft:milk_bucket":1,"minecraft:torch":6,"tombstone:grave_key":2,"minecraft:rose_bush":1,"farmersdelight:sweet_berry_cookie":4,"minecraft:white_banner":1,"minecraft:iron_pickaxe":2,"tombstone:voodoo_poppet":1,"minecraft:bucket":2,"sereneseasons:calendar":1,"minecraft:dandelion":1,"minecraft:smooth_basalt":2,"minecraft:gravel":3,"minecraft:cobbled_deepslate":371,"minecraft:tuff":2,"minecraft:wheat":20,"minecraft:raw_iron":48,"minecraft:pointed_dripstone":4,"minecraft:rotten_flesh":10,"minecraft:oak_planks":22,"sophisticatedbackpacks:backpack":1,"minecraft:white_bed":5,"minecraft:blast_furnace":2,"minecraft:diamond_sword":1,"alexsmobs:lobster_bucket":1,"tetra:modular_sword":1,"minecraft:diamond_pickaxe":1,"minecraft:yellow_bed":6,"minecraft:golden_leggings":1,"minecraft:oak_boat":1,"minecraft:birch_boat":2,"minecraft:calcite":8,"minecraft:egg":1},"minecraft:custom":{"minecraft:mob_kills":36,"minecraft:animals_bred":2,"minecraft:interact_with_crafting_table":40,"minecraft:bell_ring":23,"minecraft:eat_cake_slice":2,"minecraft:leave_game":9,"minecraft:time_since_death":58799,"minecraft:climb_one_cm":2337,"minecraft:walk_one_cm":2543591,"minecraft:sprint_one_cm":853997,"tombstone:consume_soul":1,"minecraft:drop":164,"minecraft:talked_to_villager":2,"minecraft:play_time":619788,"minecraft:sneak_time":628,"minecraft:deaths":13,"minecraft:walk_under_water_one_cm":48686,"minecraft:boat_one_cm":98353,"minecraft:jump":4113,"minecraft:interact_with_blast_furnace":10,"minecraft:walk_on_water_one_cm":94626,"minecraft:total_world_time":619788,"minecraft:interact_with_furnace":2,"tombstone:raider_killed":3,"minecraft:sleep_in_bed":25,"minecraft:waystone_activated":2,"minecraft:time_since_rest":24799,"minecraft:damage_taken":6296,"minecraft:damage_dealt":7758,"minecraft:swim_one_cm":35600,"minecraft:fly_one_cm":112049,"minecraft:open_chest":155,"minecraft:crouch_one_cm":557,"tombstone:undead_killed":17,"tombstone:villager_killed":1,"minecraft:fall_one_cm":65370},"minecraft:killed_by":{"minecraft:player":1,"minecraft:creeper":1,"minecraft:pillager":1,"minecraft:iron_golem":1,"minecraft:skeleton":5,"minecraft:zombie":2},"minecraft:crafted":{"minecraft:wooden_sword":1,"minecraft:oak_planks":8,"minecraft:raw_iron":9,"minecraft:glass":6,"minecraft:cake":1,"tombstone:grave_key":1,"minecraft:chest":1,"minecraft:stone_hoe":1,"minecraft:magenta_dye":2,"sophisticatedbackpacks:iron_backpack":1,"minecraft:wheat":171,"minecraft:sugar":2,"minecraft:glass_bottle":6,"minecraft:diamond_sword":1,"sophisticatedbackpacks:backpack":3,"minecraft:crafting_table":1,"minecraft:enchanting_table":1,"minecraft:bucket":2,"farmersdelight:sweet_berry_cookie":8,"minecraft:bread":35,"minecraft:diamond_pickaxe":1,"minecraft:stick":12,"minecraft:iron_ingot":1,"minecraft:iron_pickaxe":2,"farmersdelight:milk_bottle":8},"minecraft:mined":{"minecraft:diamond_ore":1,"minecraft:tuff":2,"farmersdelight:onions":1,"minecraft:white_bed":5,"minecraft:deepslate_diamond_ore":8,"minecraft:oak_door":1,"farmersdelight:wild_carrots":15,"minecraft:obsidian":6,"minecraft:budding_amethyst":1,"minecraft:allium":1,"minecraft:grass_block":530,"farmersdelight:tomatoes":2,"farmersdelight:wild_cabbages":2,"minecraft:red_mushroom":1,"minecraft:oxeye_daisy":2,"farmersdelight:red_mushroom_colony":1,"minecraft:hay_block":19,"minecraft:raw_iron_block":1,"farmersdelight:wild_onions":2,"minecraft:redstone_ore":1,"minecraft:magma_block":1,"minecraft:carrots":5,"minecraft:furnace":1,"minecraft:iron_ore":53,"farmersdelight:wild_rice":1,"farmersdelight:rice":14,"minecraft:fire":18,"minecraft:cobbled_deepslate":35,"minecraft:andesite":10,"minecraft:pumpkin":4,"minecraft:deepslate_lapis_ore":15,"minecraft:peony":2,"minecraft:potatoes":22,"minecraft:potted_dandelion":1,"minecraft:deepslate_iron_ore":27,"minecraft:dirt_path":1,"farmersdelight:rice_panicles":14,"minecraft:stone":73,"minecraft:podzol":3,"minecraft:deepslate_redstone_ore":1,"minecraft:melon_stem":1,"minecraft:lily_of_the_valley":4,"minecraft:smoker":1,"minecraft:oak_fence":2,"minecraft:crafting_table":3,"minecraft:cornflower":3,"minecraft:torch":15,"minecraft:blast_furnace":2,"minecraft:calcite":9,"farmersdelight:cabbages":2,"minecraft:copper_ore":1,"minecraft:tall_grass":30,"minecraft:cobblestone":52,"minecraft:deepslate_gold_ore":16,"minecraft:lapis_ore":4,"minecraft:oak_planks":8,"minecraft:sugar_cane":9,"minecraft:wall_torch":4,"minecraft:amethyst_block":6,"farmersdelight:wild_beetroots":2,"minecraft:seagrass":1,"minecraft:white_terracotta":2,"minecraft:coarse_dirt":1,"minecraft:wheat":93,"minecraft:sweet_berry_bush":19,"minecraft:pumpkin_stem":3,"minecraft:tnt":3,"minecraft:bee_nest":1,"minecraft:yellow_bed":6,"minecraft:grass":166,"minecraft:coal_ore":54,"minecraft:oak_log":2,"minecraft:gravel":63,"minecraft:dripstone_block":1,"minecraft:dirt":445,"minecraft:cobweb":24,"minecraft:smooth_basalt":15,"minecraft:netherrack":2,"minecraft:gold_ore":7,"minecraft:oak_leaves":14,"minecraft:deepslate":409,"minecraft:fern":2}},"DataVersion":3120}