{"stats":{"minecraft:broken":{"minecraft:iron_shovel":3,"minecraft:flint_and_steel":1},"minecraft:used":{"minecraft:iron_shovel":940,"minecraft:flint_and_steel":73,"minecraft:torch":1,"minecraft:dirt":54,"minecraft:lily_of_the_valley":2,"tetra:modular_sword":156,"minecraft:carrot":8,"minecraft:granite":1,"tombstone:gift":4,"minecraft:egg":1,"minecraft:potato":1,"minecraft:cobbled_deepslate":1,"minecraft:golden_axe":23,"minecraft:stone_pickaxe":14,"minecraft:birch_boat":1,"minecraft:crafting_table":4,"minecraft:red_mushroom":6,"minecraft:bread":6,"minecraft:iron_pickaxe":102,"minecraft:wooden_sword":20,"minecraft:andesite":5,"alexsmobs:animal_dictionary":3,"minecraft:oak_boat":1,"minecraft:coarse_dirt":1},"minecraft:picked_up":{"sereneseasons:calendar":1,"minecraft:crafting_table":4,"minecraft:coarse_dirt":1,"minecraft:allium":2,"minecraft:chicken":1,"minecraft:flower_pot":1,"minecraft:lead":1,"tombstone:grave_key":1,"minecraft:cornflower":3,"minecraft:string":1,"minecraft:flint_and_steel":3,"minecraft:iron_shovel":4,"minecraft:cobbled_deepslate":6,"minecraft:beef":4,"minecraft:oak_boat":5,"minecraft:rose_bush":1,"tetra:modular_sword":2,"minecraft:poppy":3,"minecraft:iron_pickaxe":2,"minecraft:sugar_cane":3,"minecraft:egg":8,"minecraft:raw_iron":19,"minecraft:oak_door":2,"minecraft:oak_fence":2,"minecraft:torch":4,"sophisticatedbackpacks:backpack":1,"minecraft:porkchop":2,"tombstone:grave_dust":1,"minecraft:carrot":5,"minecraft:arrow":7,"minecraft:rotten_flesh":8,"farmersdelight:onion":2,"minecraft:hay_block":7,"minecraft:white_terracotta":2,"minecraft:cobblestone":47,"minecraft:oxeye_daisy":3,"minecraft:feather":1,"minecraft:andesite":5,"minecraft:leather":3,"minecraft:red_mushroom":6,"minecraft:oak_log":11,"minecraft:yellow_bed":6,"tombstone:voodoo_poppet":1,"minecraft:lapis_lazuli":13,"minecraft:dirt":892,"minecraft:bone":8,"minecraft:wheat_seeds":44,"minecraft:raw_gold":14,"minecraft:stone_pickaxe":1,"minecraft:oak_planks":11,"minecraft:birch_boat":4,"minecraft:dandelion":5,"minecraft:gravel":1,"minecraft:white_bed":5,"minecraft:lily_of_the_valley":4,"minecraft:spider_eye":2,"minecraft:bundle":1,"minecraft:diamond":1,"minecraft:granite":1,"minecraft:bread":4,"minecraft:oak_sapling":1,"tombstone:magic_scroll":1},"minecraft:custom":{"minecraft:mob_kills":16,"minecraft:animals_bred":2,"minecraft:interact_with_crafting_table":8,"minecraft:bell_ring":23,"minecraft:leave_game":3,"minecraft:time_since_death":40445,"minecraft:climb_one_cm":1243,"minecraft:sprint_one_cm":255337,"minecraft:walk_one_cm":741071,"minecraft:drop":81,"minecraft:talked_to_villager":2,"minecraft:play_time":174887,"minecraft:sneak_time":50,"minecraft:deaths":8,"minecraft:walk_under_water_one_cm":5340,"minecraft:boat_one_cm":41858,"minecraft:jump":1184,"minecraft:interact_with_blast_furnace":1,"minecraft:walk_on_water_one_cm":13130,"minecraft:total_world_time":174887,"minecraft:interact_with_furnace":1,"minecraft:sleep_in_bed":5,"minecraft:time_since_rest":5755,"minecraft:waystone_activated":2,"minecraft:damage_taken":2792,"minecraft:damage_dealt":3983,"minecraft:swim_one_cm":6392,"minecraft:fly_one_cm":35704,"minecraft:open_chest":23,"minecraft:crouch_one_cm":103,"tombstone:undead_killed":9,"tombstone:villager_killed":1,"minecraft:fall_one_cm":16400},"minecraft:killed_by":{"minecraft:player":1,"minecraft:creeper":1,"minecraft:skeleton":3,"minecraft:zombie":2},"minecraft:mined":{"minecraft:white_bed":5,"minecraft:oak_door":1,"farmersdelight:wild_carrots":2,"minecraft:grass_block":500,"minecraft:red_mushroom":1,"minecraft:oxeye_daisy":2,"farmersdelight:red_mushroom_colony":1,"minecraft:hay_block":7,"farmersdelight:wild_onions":2,"minecraft:iron_ore":11,"minecraft:fire":1,"minecraft:andesite":5,"minecraft:deepslate_lapis_ore":1,"minecraft:peony":2,"minecraft:potted_dandelion":1,"minecraft:deepslate_iron_ore":17,"minecraft:dirt_path":1,"minecraft:stone":42,"minecraft:podzol":3,"minecraft:lily_of_the_valley":4,"minecraft:oak_fence":2,"minecraft:crafting_table":3,"minecraft:cornflower":1,"minecraft:torch":2,"minecraft:tall_grass":10,"minecraft:cobblestone":7,"minecraft:deepslate_gold_ore":12,"minecraft:lapis_ore":1,"minecraft:sugar_cane":1,"minecraft:oak_planks":8,"minecraft:wall_torch":1,"minecraft:white_terracotta":2,"minecraft:coarse_dirt":1,"minecraft:yellow_bed":6,"minecraft:grass":52,"minecraft:oak_log":2,"minecraft:dirt":439,"minecraft:gold_ore":2,"minecraft:oak_leaves":11,"minecraft:deepslate":6,"minecraft:fern":2},"minecraft:crafted":{"minecraft:wooden_sword":1,"minecraft:oak_planks":8,"minecraft:chest":1,"minecraft:magenta_dye":2,"minecraft:wheat":63,"sophisticatedbackpacks:backpack":3,"minecraft:crafting_table":1,"minecraft:stick":4,"minecraft:iron_ingot":1},"minecraft:dropped":{"minecraft:wheat_seeds":1,"minecraft:crafting_table":1,"minecraft:oak_fence":1,"minecraft:cobblestone":37,"minecraft:stick":3,"minecraft:oxeye_daisy":1,"minecraft:dirt":839,"tombstone:grave_key":1,"minecraft:rose_bush":1,"minecraft:iron_pickaxe":1,"tombstone:voodoo_poppet":1,"sereneseasons:calendar":1,"minecraft:dandelion":1,"minecraft:wheat":20,"minecraft:rotten_flesh":8,"sophisticatedbackpacks:backpack":1,"minecraft:white_bed":5,"tetra:modular_sword":1,"minecraft:yellow_bed":6,"minecraft:golden_leggings":1,"minecraft:birch_boat":2},"minecraft:killed":{"minecraft:chicken":1,"minecraft:pig":1,"minecraft:wandering_trader":1,"minecraft:trader_llama":2,"minecraft:zombie":9,"minecraft:cow":2}},"DataVersion":3120}