{"stats":{"minecraft:used":{"minecraft:stone_pickaxe":14,"minecraft:birch_boat":1,"minecraft:torch":1,"minecraft:dirt":20,"minecraft:lily_of_the_valley":2,"tetra:modular_sword":62,"minecraft:crafting_table":1,"minecraft:granite":1,"minecraft:iron_pickaxe":48,"minecraft:wooden_sword":20,"minecraft:andesite":5,"tombstone:gift":4,"alexsmobs:animal_dictionary":3,"minecraft:coarse_dirt":1,"minecraft:cobbled_deepslate":1},"minecraft:picked_up":{"minecraft:coarse_dirt":1,"minecraft:crafting_table":1,"minecraft:allium":2,"minecraft:andesite":5,"minecraft:leather":1,"minecraft:lead":1,"minecraft:oak_log":9,"tombstone:grave_key":1,"minecraft:lapis_lazuli":13,"minecraft:dirt":25,"minecraft:bone":1,"minecraft:wheat_seeds":3,"minecraft:cobbled_deepslate":6,"minecraft:raw_gold":14,"minecraft:stone_pickaxe":1,"minecraft:oak_boat":1,"minecraft:rose_bush":1,"minecraft:iron_pickaxe":2,"tetra:modular_sword":2,"minecraft:sugar_cane":3,"minecraft:oak_planks":3,"minecraft:raw_iron":19,"minecraft:birch_boat":4,"minecraft:torch":2,"minecraft:porkchop":2,"tombstone:grave_dust":1,"minecraft:lily_of_the_valley":4,"minecraft:spider_eye":1,"minecraft:arrow":1,"farmersdelight:onion":2,"minecraft:granite":1,"tombstone:magic_scroll":1,"minecraft:cobblestone":8},"minecraft:custom":{"minecraft:interact_with_furnace":1,"minecraft:mob_kills":7,"minecraft:interact_with_crafting_table":3,"minecraft:leave_game":3,"minecraft:time_since_death":7076,"minecraft:sleep_in_bed":1,"minecraft:climb_one_cm":791,"minecraft:time_since_rest":3518,"minecraft:sprint_one_cm":44375,"minecraft:damage_taken":1496,"minecraft:walk_one_cm":294588,"minecraft:drop":11,"minecraft:damage_dealt":2090,"minecraft:swim_one_cm":1771,"minecraft:talked_to_villager":1,"minecraft:fly_one_cm":8744,"minecraft:open_chest":7,"minecraft:crouch_one_cm":103,"minecraft:play_time":72887,"tombstone:undead_killed":3,"minecraft:deaths":5,"minecraft:sneak_time":13,"minecraft:walk_under_water_one_cm":3196,"minecraft:boat_one_cm":22819,"tombstone:villager_killed":1,"minecraft:jump":618,"minecraft:walk_on_water_one_cm":9305,"minecraft:total_world_time":72887,"minecraft:fall_one_cm":14126},"minecraft:killed_by":{"minecraft:skeleton":2,"minecraft:zombie":2},"minecraft:crafted":{"minecraft:wooden_sword":1,"minecraft:oak_planks":8,"minecraft:crafting_table":1,"minecraft:stick":4},"minecraft:mined":{"minecraft:podzol":3,"minecraft:lily_of_the_valley":4,"minecraft:torch":1,"minecraft:grass_block":10,"minecraft:tall_grass":1,"minecraft:lapis_ore":1,"minecraft:deepslate_gold_ore":12,"minecraft:sugar_cane":1,"minecraft:wall_torch":1,"farmersdelight:wild_onions":2,"minecraft:coarse_dirt":1,"minecraft:iron_ore":11,"minecraft:andesite":5,"minecraft:deepslate_lapis_ore":1,"minecraft:peony":2,"minecraft:grass":6,"minecraft:oak_log":2,"minecraft:deepslate_iron_ore":17,"minecraft:dirt":12,"minecraft:stone":5,"minecraft:gold_ore":2,"minecraft:oak_leaves":1,"minecraft:deepslate":6,"minecraft:fern":2},"minecraft:dropped":{"minecraft:wheat_seeds":1,"minecraft:crafting_table":1,"minecraft:stick":3,"tombstone:grave_key":1,"minecraft:rose_bush":1,"minecraft:golden_leggings":1,"minecraft:birch_boat":2,"minecraft:iron_pickaxe":1},"minecraft:killed":{"minecraft:pig":1,"minecraft:wandering_trader":1,"minecraft:trader_llama":2,"minecraft:zombie":3}},"DataVersion":3120}