{"stats":{"minecraft:used":{"minecraft:iron_shovel":2370,"sophisticatedbackpacks:copper_backpack":2,"farmersdelight:cabbage_seeds":1,"minecraft:chest":25,"minecraft:iron_sword":367,"tombstone:lollipop":3,"minecraft:rotten_flesh":12,"alexsmobs:medium_catfish_bucket":4,"minecraft:mutton":2,"minecraft:carrot":6,"minecraft:allium":1,"minecraft:tuff":6,"farmersdelight:sweet_berry_cookie":4,"minecraft:milk_bucket":1,"minecraft:lantern":3,"minecraft:stone_brick_stairs":4,"minecraft:stone_bricks":1602,"minecraft:hay_block":1,"minecraft:furnace":17,"minecraft:cooked_cod":6,"minecraft:egg":5,"minecraft:potato":49,"minecraft:diorite":12,"minecraft:stone_pickaxe":78,"minecraft:oak_planks":67,"minecraft:wooden_pickaxe":8,"minecraft:sandstone":11,"minecraft:composter":1,"minecraft:sugar_cane":126,"minecraft:blue_bed":6,"minecraft:golden_apple":1,"minecraft:sand":313,"minecraft:blast_furnace":12,"tetra:modular_double":11,"minecraft:shears":9,"minecraft:lightning_rod":1,"alexsmobs:terrapin_bucket":3,"waystones:waystone":3,"minecraft:bread":41,"tombstone:grave_key":1,"minecraft:gravel":10,"minecraft:diamond_sword":35,"tombstone:decorative_subaraki_grave":3,"minecraft:oak_boat":24,"minecraft:bone_meal":45,"minecraft:oak_fence":5,"minecraft:oak_trapdoor":9,"minecraft:enchanting_table":1,"minecraft:stone_sword":21,"minecraft:flint_and_steel":34,"minecraft:cooked_salmon":19,"minecraft:netherrack":1,"minecraft:torch":40,"minecraft:dirt":2656,"minecraft:anvil":1,"tetra:modular_sword":305,"minecraft:hopper":3,"minecraft:cobblestone_wall":3,"tetra:scroll_rolled":1,"tombstone:tablet_of_recall":19,"minecraft:granite":1,"minecraft:iron_hoe":35,"minecraft:stone_brick_slab":9,"minecraft:dark_oak_planks":3,"minecraft:iron_axe":206,"minecraft:iron_boots":1,"minecraft:smooth_basalt":1,"tombstone:gift":10,"minecraft:cooked_beef":12,"minecraft:cobbled_deepslate":67,"minecraft:pointed_dripstone":4,"minecraft:golden_axe":11,"minecraft:iron_leggings":1,"minecraft:water_bucket":58,"minecraft:amethyst_block":2,"minecraft:cobblestone_stairs":2,"minecraft:birch_planks":2,"minecraft:baked_potato":15,"minecraft:birch_boat":1,"minecraft:fletching_table":11,"minecraft:tnt":35,"minecraft:oak_slab":14,"minecraft:crafting_table":24,"minecraft:white_bed":9,"minecraft:spruce_log":3,"minecraft:smoker":8,"tombstone:bag_of_seeds":5,"minecraft:cornflower":1,"minecraft:diamond_pickaxe":858,"minecraft:diamond_shovel":4047,"minecraft:iron_pickaxe":1359,"minecraft:golden_leggings":1,"minecraft:stone_axe":50,"minecraft:cobblestone":1102,"minecraft:purple_bed":5,"minecraft:white_banner":2,"minecraft:cooked_porkchop":1,"minecraft:bucket":69,"minecraft:yellow_bed":15,"minecraft:dandelion":1},"minecraft:broken":{"minecraft:iron_shovel":8,"minecraft:iron_sword":1,"minecraft:leather_boots":1,"minecraft:iron_pickaxe":2},"minecraft:killed":{"minecraft:cave_spider":4,"minecraft:spider":28,"minecraft:skeleton":37,"alexsmobs:centipede_head":1,"minecraft:pig":1,"minecraft:zombie_villager":2,"minecraft:iron_golem":3,"minecraft:creeper":14,"minecraft:sheep":1,"minecraft:pillager":14,"minecraft:zombie":75,"minecraft:horse":3,"alexsmobs:bison":1,"alexsmobs:cockroach":2,"minecraft:enderman":1},"minecraft:picked_up":{"sereneseasons:calendar":2,"minecraft:wheat":26,"minecraft:lead":3,"minecraft:diamond_sword":2,"minecraft:oak_stairs":2,"minecraft:potion":5,"minecraft:enchanted_book":2,"minecraft:stone_brick_stairs":1,"minecraft:amethyst_block":14,"minecraft:lapis_block":17,"minecraft:string":60,"minecraft:raw_copper":95,"minecraft:cooked_salmon":1,"minecraft:cobbled_deepslate":530,"minecraft:bucket":2,"minecraft:spruce_planks":1,"minecraft:rose_bush":2,"minecraft:calcite":8,"tetra:modular_sword":1,"minecraft:iron_pickaxe":1,"farmersdelight:cabbage_seeds":4,"minecraft:furnace":13,"minecraft:stick":6,"minecraft:composter":2,"minecraft:oak_fence":9,"tetra:holo":1,"minecraft:torch":51,"minecraft:porkchop":2,"minecraft:golden_axe":1,"minecraft:pointed_dripstone":8,"tombstone:grave_dust":21,"minecraft:diorite":14,"minecraft:cauldron":4,"tombstone:lollipop":2,"minecraft:rotten_flesh":57,"minecraft:iron_block":16,"farmersdelight:rope":6,"minecraft:obsidian":20,"minecraft:cobblestone":1381,"minecraft:enchanting_table":1,"minecraft:birch_log":7,"minecraft:magma_block":1,"minecraft:leather_chestplate":1,"minecraft:cooked_beef":1,"farmersdelight:rice":2,"minecraft:andesite":1,"minecraft:jungle_log":1,"minecraft:brown_wool":2,"minecraft:golden_leggings":1,"minecraft:smoker":6,"minecraft:potato":61,"alexsmobs:bison_fur":2,"minecraft:flint":12,"minecraft:tuff":13,"minecraft:lapis_lazuli":204,"minecraft:dirt":7037,"minecraft:bone":65,"minecraft:wheat_seeds":249,"farmersdelight:sweet_berry_cookie":4,"minecraft:raw_gold":92,"minecraft:grindstone":4,"minecraft:fletching_table":13,"minecraft:oak_planks":54,"tetra:modular_double":2,"minecraft:poisonous_potato":1,"minecraft:sand":444,"minecraft:lily_of_the_valley":3,"minecraft:mossy_cobblestone":14,"minecraft:bundle":3,"minecraft:diamond":21,"waystones:waystone":3,"minecraft:granite":1,"minecraft:golden_apple":2,"minecraft:spruce_sign":1,"minecraft:emerald":22,"minecraft:bread":17,"minecraft:oak_sapling":7,"minecraft:netherrack":6,"minecraft:crafting_table":21,"tombstone:dust_of_vanishing":2,"minecraft:allium":1,"minecraft:azure_bluet":3,"minecraft:chest_minecart":2,"minecraft:brown_mushroom":6,"minecraft:gold_block":1,"minecraft:cornflower":25,"minecraft:oak_trapdoor":7,"minecraft:flint_and_steel":1,"minecraft:compass":1,"minecraft:iron_shovel":1,"minecraft:beef":26,"minecraft:oak_boat":25,"alexsmobs:elastic_tendon":1,"minecraft:poppy":13,"tombstone:dark_marble":1,"minecraft:sugar_cane":550,"minecraft:chest":10,"minecraft:egg":1,"minecraft:raw_iron":287,"minecraft:sandstone":12,"minecraft:stone":4,"minecraft:oak_door":3,"minecraft:copper_ingot":18,"minecraft:carrot":24,"minecraft:redstone":43,"minecraft:prismarine_crystals":15,"minecraft:dark_oak_planks":3,"minecraft:tnt":124,"minecraft:arrow":36,"minecraft:cooked_cod":1,"minecraft:beetroot_seeds":3,"minecraft:peony":6,"minecraft:hay_block":5,"tombstone:essence_of_undeath":3,"minecraft:gold_ingot":26,"sophisticatedbackpacks:copper_backpack":2,"minecraft:mutton":2,"minecraft:rail":15,"minecraft:white_wool":10,"minecraft:oxeye_daisy":23,"minecraft:leather":4,"minecraft:red_mushroom":3,"minecraft:filled_map":1,"minecraft:oak_log":55,"minecraft:yellow_bed":15,"minecraft:gunpowder":9,"minecraft:cobblestone_stairs":5,"tombstone:voodoo_poppet":2,"minecraft:blue_bed":6,"minecraft:paper":1,"minecraft:white_banner":2,"tombstone:gift":1,"minecraft:apple":14,"minecraft:stone_bricks":44,"alexsmobs:cockroach_wing_fragment":1,"minecraft:heart_of_the_sea":4,"minecraft:iron_ingot":22,"minecraft:stone_pickaxe":1,"tombstone:bag_of_seeds":2,"minecraft:oak_slab":14,"minecraft:smooth_basalt":8,"minecraft:milk_bucket":1,"minecraft:birch_boat":1,"minecraft:sweet_berries":19,"minecraft:stone_brick_slab":6,"minecraft:red_wool":1,"minecraft:dandelion":85,"minecraft:raw_iron_block":2,"minecraft:dripstone_block":9,"minecraft:gravel":103,"minecraft:amethyst_shard":6,"minecraft:spruce_sapling":16,"minecraft:blast_furnace":12,"minecraft:white_bed":10,"minecraft:spruce_log":70,"minecraft:crying_obsidian":5,"minecraft:spider_eye":17,"minecraft:diamond_shovel":1,"minecraft:pumpkin_seeds":6,"minecraft:purple_bed":4,"tetra:geode":2,"tombstone:scroll_of_knowledge":1,"minecraft:iron_helmet":3,"tombstone:magic_scroll":2,"minecraft:melon_seeds":1,"minecraft:coal":149,"minecraft:hopper":4},"minecraft:dropped":{"minecraft:cooked_beef":3,"minecraft:ender_pearl":1,"minecraft:diamond":3,"minecraft:cooked_porkchop":1,"minecraft:leather":1,"minecraft:red_mushroom":2,"minecraft:dirt":255,"minecraft:cornflower":6,"minecraft:cooked_cod":3,"minecraft:sand":23,"minecraft:iron_pickaxe":2,"sereneseasons:calendar":3,"minecraft:gravel":2,"minecraft:goat_horn":1,"minecraft:iron_nugget":3,"tombstone:tablet_of_recall":1,"minecraft:rotten_flesh":1,"minecraft:oak_planks":19,"minecraft:diamond_shovel":1,"minecraft:azure_bluet":3,"tetra:modular_sword":2,"alexsmobs:elastic_tendon":1,"minecraft:beetroot_seeds":1,"minecraft:glass":3,"minecraft:iron_ingot":7,"minecraft:bread":14,"minecraft:wheat_seeds":33,"minecraft:tnt":184,"minecraft:dripstone_block":2,"minecraft:poisonous_potato":1,"minecraft:oak_fence":3,"minecraft:purple_dye":1,"minecraft:coal":5,"minecraft:golden_apple":1,"minecraft:stick":4,"minecraft:torch":2,"minecraft:rose_bush":2,"minecraft:brown_wool":1,"minecraft:cooked_salmon":1,"minecraft:iron_leggings":1,"minecraft:iron_shovel":5,"minecraft:bucket":1,"tombstone:voodoo_poppet":1,"minecraft:dandelion":71,"alexsmobs:small_catfish_bucket":1,"minecraft:raw_copper":4,"minecraft:iron_boots":1,"minecraft:iron_hoe":1,"minecraft:smoker":1,"minecraft:pumpkin_seeds":1,"minecraft:flint_and_steel":9,"minecraft:lily_of_the_valley":1,"minecraft:diamond_sword":2,"minecraft:filled_map":1,"minecraft:stone":2,"minecraft:bundle":1,"minecraft:iron_chestplate":1,"minecraft:oak_boat":3,"minecraft:oak_sapling":2,"minecraft:spider_eye":1,"minecraft:sandstone":5,"minecraft:stone_pickaxe":2},"minecraft:custom":{"minecraft:interact_with_crafting_table":136,"minecraft:bell_ring":14,"minecraft:eat_cake_slice":5,"minecraft:leave_game":10,"minecraft:time_since_death":374417,"minecraft:sprint_one_cm":955716,"minecraft:drop":143,"tombstone:eaten_lollipop":3,"minecraft:talked_to_villager":23,"minecraft:play_time":742467,"minecraft:deaths":7,"minecraft:jump":10456,"minecraft:walk_on_water_one_cm":113948,"minecraft:interact_with_furnace":83,"minecraft:traded_with_villager":2,"minecraft:sleep_in_bed":37,"minecraft:waystone_activated":5,"minecraft:damage_dealt":37184,"minecraft:player_kills":1,"minecraft:crouch_one_cm":154360,"tombstone:undead_killed":114,"minecraft:interact_with_smoker":23,"minecraft:interact_with_anvil":1,"minecraft:mob_kills":194,"minecraft:inspect_hopper":7,"minecraft:climb_one_cm":1305,"minecraft:walk_one_cm":1663743,"tombstone:consume_soul":1,"minecraft:sneak_time":36165,"minecraft:walk_under_water_one_cm":27803,"minecraft:boat_one_cm":509618,"minecraft:interact_with_blast_furnace":101,"minecraft:total_world_time":742467,"tombstone:raider_killed":14,"minecraft:time_since_rest":10267,"minecraft:damage_taken":6714,"minecraft:damage_absorbed":30,"minecraft:swim_one_cm":28129,"minecraft:fly_one_cm":2011348,"minecraft:open_chest":736,"minecraft:fall_one_cm":229996},"minecraft:killed_by":{"minecraft:creeper":2,"minecraft:skeleton":5},"minecraft:crafted":{"minecraft:oak_planks":256,"minecraft:cactus":2,"minecraft:purple_bed":1,"minecraft:birch_boat":1,"minecraft:lightning_rod":1,"minecraft:stone":461,"minecraft:diamond_shovel":1,"minecraft:hopper":1,"minecraft:stone_brick_slab":12,"minecraft:bow":1,"minecraft:iron_boots":2,"minecraft:chest":16,"minecraft:rail":16,"minecraft:stone_bricks":448,"minecraft:raw_iron_block":12,"minecraft:smoker":3,"minecraft:oak_slab":12,"minecraft:cooked_porkchop":2,"minecraft:crafting_table":4,"minecraft:spruce_planks":48,"minecraft:iron_helmet":1,"minecraft:wooden_pickaxe":1,"minecraft:baked_potato":41,"minecraft:clock":1,"minecraft:copper_ingot":19,"minecraft:gold_block":11,"minecraft:birch_planks":28,"minecraft:dispenser":1,"minecraft:tnt":2,"minecraft:stone_brick_stairs":4,"minecraft:iron_chestplate":2,"minecraft:paper":9,"minecraft:yellow_dye":1,"minecraft:purple_dye":2,"minecraft:shield":1,"minecraft:stick":76,"minecraft:iron_ingot":303,"minecraft:iron_pickaxe":6,"minecraft:iron_block":26,"minecraft:stone_sword":1,"sereneseasons:calendar":1,"minecraft:gold_ingot":95,"minecraft:sandstone":4,"minecraft:redstone_torch":1,"minecraft:shears":1,"tombstone:decorative_subaraki_grave":3,"minecraft:raw_iron":126,"minecraft:iron_nugget":27,"tombstone:strange_tablet":2,"minecraft:furnace":10,"minecraft:yellow_bed":1,"minecraft:bone_meal":54,"minecraft:oak_trapdoor":16,"minecraft:flint_and_steel":8,"minecraft:lantern":3,"minecraft:iron_axe":1,"minecraft:iron_hoe":1,"minecraft:stone_pickaxe":2,"minecraft:cobblestone_wall":18,"sophisticatedbackpacks:iron_backpack":1,"tetra:modular_double":3,"minecraft:minecart":1,"minecraft:wheat":36,"minecraft:cooked_beef":14,"minecraft:red_dye":2,"minecraft:diamond_sword":1,"minecraft:powered_rail":6,"minecraft:iron_sword":3,"sophisticatedbackpacks:gold_backpack":1,"minecraft:bucket":2,"minecraft:stone_axe":1,"minecraft:jungle_planks":4,"minecraft:bread":20,"minecraft:air":0,"minecraft:blue_dye":1,"tetra:modular_toolbelt":1,"minecraft:oak_boat":4,"tombstone:dark_marble":17,"minecraft:iron_shovel":13,"minecraft:iron_leggings":1,"minecraft:anvil":1,"minecraft:white_bed":2,"minecraft:torch":28,"minecraft:lapis_block":25},"minecraft:mined":{"minecraft:dark_oak_planks":3,"minecraft:large_amethyst_bud":4,"minecraft:spruce_planks":1,"minecraft:white_bed":5,"minecraft:cobblestone_stairs":5,"minecraft:obsidian":20,"minecraft:granite":2,"minecraft:budding_amethyst":3,"minecraft:grass_block":3294,"minecraft:jungle_log":1,"minecraft:composter":2,"minecraft:hopper":3,"minecraft:oxeye_daisy":13,"minecraft:spawner":2,"minecraft:raw_iron_block":2,"minecraft:magma_block":1,"minecraft:iron_ore":100,"minecraft:cobbled_deepslate":24,"minecraft:fire":7,"minecraft:deepslate_lapis_ore":22,"minecraft:fletching_table":11,"minecraft:azure_bluet":3,"minecraft:enchanting_table":1,"minecraft:pointed_dripstone":3,"minecraft:water_cauldron":4,"minecraft:dirt_path":12,"minecraft:oak_stairs":2,"minecraft:small_amethyst_bud":1,"minecraft:white_banner":1,"sophisticatedbackpacks:copper_backpack":1,"minecraft:deepslate_redstone_ore":8,"minecraft:brown_mushroom":1,"minecraft:smoker":4,"minecraft:amethyst_cluster":1,"minecraft:torch":6,"minecraft:blast_furnace":10,"minecraft:calcite":7,"minecraft:poppy":8,"minecraft:chest":10,"farmersdelight:brown_mushroom_colony":1,"farmersdelight:cabbages":1,"minecraft:cobblestone":109,"minecraft:oak_planks":19,"minecraft:grindstone":2,"minecraft:sugar_cane":298,"minecraft:wall_torch":9,"minecraft:amethyst_block":19,"minecraft:deepslate_copper_ore":5,"farmersdelight:sandy_shrub":1,"minecraft:birch_log":7,"minecraft:wheat":10,"minecraft:tnt":3,"minecraft:stone_brick_stairs":1,"minecraft:grass":490,"minecraft:oak_log":60,"minecraft:sand":449,"minecraft:dirt":2435,"minecraft:smooth_basalt":5,"minecraft:netherrack":7,"minecraft:oak_leaves":90,"minecraft:deepslate":123,"minecraft:diamond_ore":1,"minecraft:crying_obsidian":5,"minecraft:tuff":15,"minecraft:mossy_cobblestone":7,"minecraft:deepslate_diamond_ore":20,"minecraft:oak_door":1,"tetra:block_geode":2,"farmersdelight:wild_carrots":12,"minecraft:red_mushroom":1,"minecraft:sandstone":22,"minecraft:hay_block":5,"minecraft:redstone_ore":1,"minecraft:furnace":13,"minecraft:carrots":5,"minecraft:andesite":4,"minecraft:peony":1,"minecraft:gold_block":1,"minecraft:potatoes":17,"minecraft:deepslate_iron_ore":125,"minecraft:vine":5,"minecraft:rail":1,"minecraft:stone":1284,"minecraft:white_wool":9,"minecraft:oak_slab":14,"minecraft:glass_pane":3,"minecraft:lily_of_the_valley":1,"minecraft:stone_brick_slab":9,"minecraft:dandelion":19,"minecraft:oak_fence":6,"minecraft:crafting_table":12,"minecraft:cornflower":12,"minecraft:rose_bush":1,"minecraft:copper_ore":9,"minecraft:tall_grass":121,"minecraft:lapis_ore":9,"minecraft:deepslate_gold_ore":84,"minecraft:diorite":14,"minecraft:blue_bed":5,"farmersdelight:wild_beetroots":1,"minecraft:purple_bed":3,"tetra:basic_workbench":9,"minecraft:sweet_berry_bush":5,"minecraft:spruce_log":36,"minecraft:white_wall_banner":2,"minecraft:yellow_bed":9,"minecraft:coal_ore":99,"minecraft:gravel":67,"minecraft:dripstone_block":2,"minecraft:cobweb":33,"minecraft:stone_bricks":47,"minecraft:gold_ore":1,"minecraft:fern":6}},"DataVersion":3120}