{"stats":{"minecraft:used":{"minecraft:iron_shovel":2370,"sophisticatedbackpacks:copper_backpack":2,"farmersdelight:cabbage_seeds":1,"minecraft:chest":31,"minecraft:iron_sword":367,"tombstone:lollipop":3,"minecraft:rotten_flesh":12,"alexsmobs:medium_catfish_bucket":4,"minecraft:mutton":2,"minecraft:carrot":6,"minecraft:allium":2,"minecraft:tuff":6,"farmersdelight:sweet_berry_cookie":4,"minecraft:milk_bucket":1,"minecraft:spruce_boat":1,"minecraft:lantern":3,"minecraft:stone_brick_stairs":4,"minecraft:stone_bricks":1602,"minecraft:hay_block":1,"minecraft:furnace":17,"minecraft:cooked_cod":6,"minecraft:egg":5,"minecraft:potato":49,"minecraft:diorite":12,"minecraft:stone_pickaxe":78,"minecraft:oak_planks":67,"minecraft:wooden_pickaxe":8,"minecraft:sandstone":11,"minecraft:composter":1,"minecraft:sugar_cane":126,"minecraft:blue_bed":6,"minecraft:golden_apple":1,"minecraft:sand":313,"minecraft:blast_furnace":12,"tetra:modular_double":11,"minecraft:shears":9,"minecraft:lightning_rod":2,"alexsmobs:terrapin_bucket":3,"waystones:waystone":4,"minecraft:bread":41,"tombstone:grave_key":1,"minecraft:gravel":10,"minecraft:diamond_sword":86,"tombstone:decorative_subaraki_grave":3,"minecraft:oak_boat":24,"minecraft:bone_meal":45,"minecraft:oak_fence":5,"minecraft:oak_trapdoor":9,"minecraft:enchanting_table":2,"minecraft:stone_sword":21,"minecraft:flint_and_steel":34,"minecraft:cooked_salmon":19,"minecraft:netherrack":1,"minecraft:torch":40,"minecraft:dirt":2685,"minecraft:anvil":1,"tetra:modular_sword":305,"minecraft:hopper":3,"minecraft:cobblestone_wall":3,"tetra:scroll_rolled":1,"tombstone:tablet_of_recall":19,"minecraft:granite":1,"minecraft:iron_hoe":35,"minecraft:stone_brick_slab":9,"minecraft:dark_oak_planks":3,"minecraft:iron_axe":207,"minecraft:iron_boots":1,"minecraft:smooth_basalt":1,"minecraft:pointed_dripstone":4,"tombstone:gift":10,"minecraft:cooked_beef":12,"minecraft:golden_axe":11,"minecraft:cobbled_deepslate":67,"minecraft:iron_leggings":1,"minecraft:water_bucket":58,"minecraft:amethyst_block":2,"minecraft:cobblestone_stairs":2,"minecraft:birch_planks":2,"minecraft:baked_potato":29,"minecraft:birch_boat":1,"minecraft:fletching_table":11,"minecraft:tnt":35,"minecraft:oak_slab":14,"minecraft:crafting_table":24,"minecraft:white_bed":9,"minecraft:spruce_log":3,"minecraft:smoker":8,"tombstone:bag_of_seeds":5,"minecraft:cornflower":1,"minecraft:diamond_pickaxe":913,"minecraft:diamond_shovel":6143,"minecraft:iron_pickaxe":1359,"minecraft:golden_leggings":1,"minecraft:stone_axe":58,"minecraft:cobblestone":1113,"minecraft:purple_bed":5,"minecraft:white_banner":4,"minecraft:cooked_porkchop":1,"minecraft:bucket":69,"minecraft:yellow_bed":15,"minecraft:dandelion":1},"minecraft:broken":{"minecraft:iron_shovel":8,"minecraft:iron_sword":1,"minecraft:leather_boots":1,"minecraft:iron_pickaxe":2},"minecraft:killed":{"minecraft:cave_spider":4,"minecraft:spider":30,"minecraft:skeleton":39,"alexsmobs:centipede_head":1,"minecraft:pig":1,"minecraft:zombie_villager":2,"minecraft:iron_golem":3,"minecraft:creeper":15,"minecraft:sheep":1,"minecraft:pillager":14,"minecraft:zombie":81,"minecraft:horse":3,"alexsmobs:bison":1,"alexsmobs:cockroach":2,"minecraft:enderman":1},"minecraft:picked_up":{"sereneseasons:calendar":2,"minecraft:wheat":26,"minecraft:flower_pot":1,"minecraft:lead":7,"minecraft:diamond_sword":2,"minecraft:oak_stairs":2,"minecraft:potion":5,"minecraft:enchanted_book":8,"minecraft:stone_brick_stairs":1,"minecraft:amethyst_block":14,"minecraft:lapis_block":17,"minecraft:string":79,"minecraft:raw_copper":95,"minecraft:cooked_salmon":1,"minecraft:cobbled_deepslate":530,"minecraft:bucket":2,"minecraft:spruce_planks":1,"minecraft:red_dye":2,"minecraft:rose_bush":2,"minecraft:redstone_torch":1,"minecraft:calcite":24,"tetra:modular_sword":4,"minecraft:iron_pickaxe":2,"farmersdelight:cabbage_seeds":4,"minecraft:furnace":13,"minecraft:stick":8,"minecraft:composter":3,"minecraft:oak_fence":9,"tetra:holo":2,"minecraft:torch":53,"minecraft:porkchop":2,"minecraft:lightning_rod":2,"minecraft:golden_axe":2,"minecraft:pointed_dripstone":8,"tombstone:grave_dust":23,"minecraft:diorite":14,"minecraft:cauldron":8,"tombstone:lollipop":2,"minecraft:cactus":2,"minecraft:rotten_flesh":94,"minecraft:iron_block":16,"farmersdelight:rope":26,"minecraft:white_terracotta":2,"minecraft:obsidian":22,"minecraft:cobblestone":1452,"minecraft:birch_log":7,"minecraft:enchanting_table":2,"minecraft:magma_block":1,"minecraft:leather_chestplate":1,"minecraft:feather":2,"minecraft:cooked_beef":1,"farmersdelight:rice":2,"minecraft:andesite":1,"minecraft:jungle_log":1,"minecraft:brown_wool":3,"minecraft:golden_leggings":3,"minecraft:smoker":6,"minecraft:potato":61,"alexsmobs:bison_fur":2,"minecraft:flint":17,"minecraft:tuff":19,"minecraft:lapis_lazuli":204,"minecraft:dirt":9150,"minecraft:bone":79,"minecraft:glass":9,"tetra:scroll_rolled":1,"minecraft:wheat_seeds":326,"farmersdelight:sweet_berry_cookie":4,"minecraft:raw_gold":92,"minecraft:grindstone":4,"minecraft:fletching_table":13,"minecraft:powered_rail":6,"minecraft:oak_planks":54,"tetra:modular_double":6,"minecraft:poisonous_potato":1,"minecraft:sand":546,"minecraft:lily_of_the_valley":3,"alexsmobs:animal_dictionary":1,"minecraft:mossy_cobblestone":14,"minecraft:bundle":4,"minecraft:dispenser":2,"minecraft:diamond":21,"minecraft:spruce_boat":1,"waystones:waystone":4,"minecraft:granite":1,"minecraft:golden_apple":2,"minecraft:spruce_sign":1,"minecraft:emerald":25,"minecraft:bread":17,"minecraft:oak_sapling":15,"minecraft:netherrack":6,"minecraft:crafting_table":24,"tombstone:dust_of_vanishing":4,"minecraft:allium":2,"minecraft:azure_bluet":3,"minecraft:chicken":1,"minecraft:chest_minecart":2,"minecraft:brown_mushroom":6,"minecraft:wooden_pickaxe":3,"minecraft:gold_block":1,"minecraft:cornflower":43,"minecraft:oak_trapdoor":7,"minecraft:flint_and_steel":5,"minecraft:compass":1,"minecraft:iron_shovel":3,"minecraft:beef":32,"minecraft:oak_boat":25,"alexsmobs:elastic_tendon":1,"minecraft:poppy":22,"alexsmobs:terrapin_bucket":1,"minecraft:minecart":1,"tombstone:dark_marble":1,"minecraft:sugar_cane":550,"minecraft:chest":16,"minecraft:egg":1,"minecraft:raw_iron":288,"minecraft:sandstone":12,"minecraft:stone":4,"minecraft:oak_door":6,"minecraft:copper_ingot":18,"minecraft:carrot":24,"minecraft:redstone":55,"minecraft:prismarine_crystals":15,"minecraft:dark_oak_planks":3,"minecraft:tnt":124,"minecraft:arrow":37,"minecraft:cooked_cod":1,"minecraft:beetroot_seeds":3,"minecraft:peony":6,"minecraft:shears":1,"minecraft:hay_block":5,"tombstone:essence_of_undeath":3,"minecraft:gold_ingot":26,"sophisticatedbackpacks:copper_backpack":2,"minecraft:mutton":2,"alexsmobs:medium_catfish_bucket":1,"minecraft:rail":31,"minecraft:white_wool":10,"minecraft:oxeye_daisy":39,"minecraft:leather":4,"minecraft:red_mushroom":5,"minecraft:filled_map":1,"minecraft:oak_log":55,"minecraft:cobblestone_wall":1,"minecraft:yellow_bed":16,"minecraft:gunpowder":12,"minecraft:cobblestone_stairs":8,"tombstone:voodoo_poppet":2,"minecraft:blue_bed":6,"minecraft:paper":1,"minecraft:white_banner":5,"tombstone:gift":1,"minecraft:apple":14,"minecraft:stone_bricks":64,"alexsmobs:cockroach_wing_fragment":4,"minecraft:heart_of_the_sea":4,"minecraft:iron_ingot":22,"minecraft:stone_pickaxe":5,"tombstone:bag_of_seeds":2,"minecraft:iron_sword":1,"minecraft:oak_slab":20,"minecraft:smooth_basalt":15,"minecraft:milk_bucket":1,"minecraft:birch_boat":1,"minecraft:sweet_berries":19,"minecraft:stone_brick_slab":6,"minecraft:red_wool":2,"minecraft:dandelion":106,"minecraft:raw_iron_block":2,"minecraft:dripstone_block":9,"minecraft:gravel":127,"minecraft:amethyst_shard":6,"minecraft:spruce_sapling":16,"minecraft:blast_furnace":12,"minecraft:white_bed":11,"minecraft:spruce_log":70,"minecraft:crying_obsidian":5,"minecraft:spider_eye":18,"minecraft:diamond_shovel":1,"minecraft:pumpkin_seeds":6,"minecraft:purple_bed":4,"tetra:geode":3,"tombstone:scroll_of_knowledge":1,"minecraft:iron_helmet":4,"minecraft:baked_potato":7,"tombstone:magic_scroll":3,"minecraft:melon_seeds":1,"minecraft:coal":159,"minecraft:hopper":4},"minecraft:dropped":{"minecraft:cooked_beef":3,"minecraft:baked_potato":10,"minecraft:ender_pearl":1,"minecraft:diamond":3,"minecraft:cooked_porkchop":1,"minecraft:leather":1,"minecraft:red_mushroom":2,"minecraft:emerald":2,"minecraft:dirt":423,"minecraft:dispenser":1,"minecraft:cornflower":15,"minecraft:cooked_cod":3,"minecraft:sand":23,"minecraft:iron_pickaxe":2,"sereneseasons:calendar":3,"minecraft:oak_door":2,"minecraft:gravel":2,"minecraft:goat_horn":1,"minecraft:iron_nugget":3,"minecraft:obsidian":1,"tombstone:tablet_of_recall":1,"minecraft:rotten_flesh":2,"minecraft:oak_planks":19,"minecraft:diamond_shovel":1,"minecraft:azure_bluet":3,"tetra:modular_sword":3,"alexsmobs:elastic_tendon":1,"minecraft:beetroot_seeds":1,"tetra:modular_double":2,"minecraft:glass":3,"minecraft:beef":4,"minecraft:enchanted_book":2,"minecraft:iron_ingot":7,"minecraft:bread":14,"minecraft:wheat_seeds":43,"minecraft:tnt":184,"minecraft:dripstone_block":2,"minecraft:poisonous_potato":1,"minecraft:oak_fence":3,"minecraft:feather":1,"minecraft:purple_dye":1,"minecraft:coal":5,"minecraft:golden_apple":1,"minecraft:stick":6,"minecraft:oxeye_daisy":1,"minecraft:torch":2,"minecraft:rose_bush":2,"minecraft:brown_wool":1,"minecraft:cooked_salmon":1,"minecraft:iron_leggings":1,"minecraft:iron_axe":1,"minecraft:red_dye":1,"minecraft:iron_shovel":5,"minecraft:bucket":1,"tombstone:voodoo_poppet":1,"minecraft:smooth_basalt":7,"minecraft:dandelion":80,"minecraft:redstone":8,"alexsmobs:small_catfish_bucket":1,"minecraft:raw_copper":4,"minecraft:tuff":4,"minecraft:iron_boots":1,"minecraft:iron_hoe":1,"minecraft:smoker":1,"minecraft:pumpkin_seeds":1,"minecraft:flint_and_steel":10,"minecraft:lily_of_the_valley":1,"minecraft:filled_map":1,"minecraft:diamond_sword":2,"minecraft:stone":2,"alexsmobs:cockroach_wing_fragment":2,"minecraft:bundle":1,"minecraft:iron_chestplate":1,"minecraft:golden_leggings":1,"minecraft:oak_boat":3,"minecraft:oak_sapling":4,"minecraft:spider_eye":1,"minecraft:sandstone":5,"minecraft:stone_pickaxe":4,"minecraft:wooden_pickaxe":2,"minecraft:calcite":8},"minecraft:custom":{"minecraft:interact_with_crafting_table":140,"minecraft:bell_ring":14,"minecraft:eat_cake_slice":5,"minecraft:leave_game":11,"minecraft:time_since_death":409729,"minecraft:sprint_one_cm":1021066,"minecraft:drop":196,"tombstone:eaten_lollipop":3,"minecraft:talked_to_villager":23,"minecraft:play_time":777779,"minecraft:deaths":7,"minecraft:jump":11190,"minecraft:walk_on_water_one_cm":113948,"minecraft:interact_with_furnace":83,"minecraft:traded_with_villager":2,"minecraft:sleep_in_bed":41,"minecraft:waystone_activated":6,"minecraft:damage_dealt":39746,"minecraft:player_kills":1,"minecraft:crouch_one_cm":155466,"tombstone:undead_killed":122,"minecraft:interact_with_smoker":27,"minecraft:interact_with_anvil":2,"minecraft:mob_kills":206,"minecraft:inspect_hopper":7,"minecraft:climb_one_cm":1329,"minecraft:walk_one_cm":1759548,"tombstone:consume_soul":1,"minecraft:damage_dealt_absorbed":40,"minecraft:sneak_time":36658,"minecraft:walk_under_water_one_cm":27803,"minecraft:boat_one_cm":509618,"minecraft:interact_with_blast_furnace":101,"minecraft:total_world_time":777779,"tombstone:raider_killed":14,"minecraft:time_since_rest":9683,"minecraft:damage_taken":7262,"minecraft:damage_absorbed":30,"minecraft:swim_one_cm":28129,"minecraft:fly_one_cm":2217604,"minecraft:open_chest":844,"minecraft:fall_one_cm":237787},"minecraft:killed_by":{"minecraft:creeper":2,"minecraft:skeleton":5},"minecraft:crafted":{"minecraft:oak_planks":256,"minecraft:cactus":2,"minecraft:purple_bed":1,"minecraft:birch_boat":1,"minecraft:lightning_rod":1,"minecraft:stone":461,"minecraft:diamond_shovel":2,"minecraft:hopper":1,"minecraft:stone_brick_slab":12,"minecraft:bow":1,"minecraft:iron_boots":2,"minecraft:chest":18,"minecraft:rail":16,"minecraft:stone_bricks":448,"minecraft:raw_iron_block":12,"minecraft:smoker":3,"minecraft:oak_slab":12,"minecraft:cooked_porkchop":2,"minecraft:crafting_table":4,"minecraft:spruce_planks":76,"minecraft:iron_helmet":1,"minecraft:wooden_pickaxe":1,"minecraft:baked_potato":56,"minecraft:clock":1,"minecraft:copper_ingot":19,"minecraft:gold_block":11,"minecraft:birch_planks":28,"minecraft:dispenser":1,"minecraft:tnt":2,"minecraft:stone_brick_stairs":4,"minecraft:iron_chestplate":2,"minecraft:paper":9,"minecraft:yellow_dye":1,"minecraft:purple_dye":2,"minecraft:shield":1,"minecraft:stick":80,"minecraft:iron_ingot":312,"minecraft:iron_pickaxe":6,"minecraft:iron_block":26,"minecraft:stone_sword":1,"sereneseasons:calendar":1,"minecraft:gold_ingot":95,"minecraft:sandstone":4,"minecraft:redstone_torch":1,"minecraft:shears":1,"tombstone:decorative_subaraki_grave":3,"minecraft:raw_iron":126,"minecraft:iron_nugget":27,"tombstone:strange_tablet":2,"minecraft:furnace":10,"minecraft:yellow_bed":1,"minecraft:bone_meal":54,"minecraft:oak_trapdoor":16,"minecraft:flint_and_steel":8,"minecraft:lantern":3,"minecraft:iron_axe":2,"minecraft:iron_hoe":1,"minecraft:stone_pickaxe":2,"minecraft:cobblestone_wall":18,"minecraft:spruce_boat":1,"tetra:modular_double":3,"sophisticatedbackpacks:iron_backpack":1,"minecraft:minecart":1,"minecraft:wheat":36,"minecraft:cooked_beef":14,"minecraft:red_dye":2,"minecraft:diamond_sword":1,"minecraft:powered_rail":6,"minecraft:iron_sword":3,"sophisticatedbackpacks:gold_backpack":1,"minecraft:bucket":2,"minecraft:stone_axe":1,"minecraft:jungle_planks":4,"minecraft:bread":20,"minecraft:air":0,"minecraft:blue_dye":1,"tetra:modular_toolbelt":1,"minecraft:oak_boat":4,"tombstone:dark_marble":17,"minecraft:iron_shovel":13,"minecraft:iron_leggings":1,"minecraft:anvil":1,"minecraft:white_bed":2,"minecraft:torch":28,"minecraft:lapis_block":25},"minecraft:mined":{"minecraft:dark_oak_planks":3,"minecraft:large_amethyst_bud":4,"minecraft:spruce_planks":1,"minecraft:white_bed":5,"minecraft:cobblestone_stairs":5,"minecraft:obsidian":20,"minecraft:granite":2,"minecraft:budding_amethyst":3,"minecraft:grass_block":3963,"minecraft:jungle_log":1,"minecraft:composter":2,"minecraft:hopper":3,"minecraft:oxeye_daisy":13,"minecraft:spawner":2,"minecraft:raw_iron_block":2,"minecraft:magma_block":1,"minecraft:iron_ore":101,"minecraft:fire":7,"minecraft:cobbled_deepslate":24,"minecraft:deepslate_lapis_ore":22,"minecraft:fletching_table":11,"minecraft:azure_bluet":3,"minecraft:enchanting_table":2,"minecraft:pointed_dripstone":3,"minecraft:water_cauldron":4,"minecraft:dirt_path":12,"minecraft:small_amethyst_bud":1,"minecraft:oak_stairs":2,"minecraft:white_banner":1,"sophisticatedbackpacks:copper_backpack":1,"minecraft:deepslate_redstone_ore":8,"minecraft:brown_mushroom":1,"minecraft:smoker":4,"minecraft:amethyst_cluster":1,"minecraft:torch":6,"minecraft:blast_furnace":10,"minecraft:poppy":8,"minecraft:calcite":7,"minecraft:chest":16,"farmersdelight:brown_mushroom_colony":1,"farmersdelight:cabbages":1,"minecraft:cobblestone":111,"minecraft:oak_planks":19,"minecraft:grindstone":2,"minecraft:sugar_cane":298,"minecraft:wall_torch":9,"minecraft:amethyst_block":19,"minecraft:deepslate_copper_ore":5,"farmersdelight:sandy_shrub":1,"minecraft:birch_log":7,"minecraft:wheat":10,"minecraft:tnt":3,"minecraft:stone_brick_stairs":1,"minecraft:grass":521,"minecraft:oak_log":60,"minecraft:sand":449,"minecraft:dirt":3846,"minecraft:smooth_basalt":5,"minecraft:netherrack":7,"minecraft:oak_leaves":90,"minecraft:deepslate":123,"minecraft:diamond_ore":1,"minecraft:crying_obsidian":5,"minecraft:tuff":15,"minecraft:mossy_cobblestone":7,"minecraft:deepslate_diamond_ore":20,"minecraft:oak_door":1,"tetra:block_geode":2,"farmersdelight:wild_carrots":12,"minecraft:red_mushroom":1,"minecraft:sandstone":22,"minecraft:hay_block":5,"minecraft:redstone_ore":1,"minecraft:furnace":13,"minecraft:carrots":5,"minecraft:andesite":4,"minecraft:peony":1,"minecraft:gold_block":1,"minecraft:potatoes":17,"minecraft:deepslate_iron_ore":125,"minecraft:vine":5,"minecraft:rail":1,"minecraft:stone":1322,"minecraft:white_wool":9,"minecraft:oak_slab":14,"minecraft:glass_pane":3,"minecraft:lily_of_the_valley":1,"minecraft:stone_brick_slab":9,"minecraft:dandelion":19,"minecraft:oak_fence":6,"minecraft:crafting_table":12,"minecraft:cornflower":12,"minecraft:rose_bush":1,"minecraft:lightning_rod":1,"minecraft:copper_ore":9,"minecraft:tall_grass":130,"minecraft:lapis_ore":9,"minecraft:deepslate_gold_ore":84,"minecraft:diorite":14,"minecraft:blue_bed":5,"farmersdelight:wild_beetroots":1,"minecraft:purple_bed":3,"minecraft:cobblestone_wall":1,"tetra:basic_workbench":11,"minecraft:sweet_berry_bush":5,"minecraft:spruce_log":36,"minecraft:white_wall_banner":3,"minecraft:yellow_bed":9,"minecraft:coal_ore":109,"minecraft:gravel":67,"minecraft:dripstone_block":2,"minecraft:cobweb":33,"minecraft:stone_bricks":47,"minecraft:gold_ore":1,"minecraft:fern":6}},"DataVersion":3120}