{"stats":{"minecraft:used":{"minecraft:iron_shovel":2364,"minecraft:chest":8,"minecraft:iron_sword":367,"tombstone:lollipop":1,"minecraft:rotten_flesh":1,"minecraft:mutton":2,"minecraft:carrot":6,"minecraft:allium":1,"minecraft:tuff":1,"minecraft:milk_bucket":1,"minecraft:hay_block":1,"minecraft:furnace":2,"minecraft:cooked_cod":1,"minecraft:egg":5,"minecraft:potato":12,"minecraft:diorite":11,"minecraft:stone_pickaxe":78,"minecraft:oak_planks":67,"minecraft:wooden_pickaxe":8,"minecraft:sandstone":11,"minecraft:composter":1,"minecraft:blue_bed":4,"minecraft:sugar_cane":21,"minecraft:golden_apple":1,"minecraft:sand":223,"minecraft:blast_furnace":4,"tetra:modular_double":8,"minecraft:shears":9,"alexsmobs:terrapin_bucket":2,"waystones:waystone":3,"minecraft:bread":29,"tombstone:grave_key":1,"minecraft:gravel":10,"minecraft:oak_boat":22,"minecraft:oak_trapdoor":9,"minecraft:oak_fence":1,"minecraft:stone_sword":21,"minecraft:torch":33,"minecraft:dirt":929,"tetra:modular_sword":56,"minecraft:iron_hoe":5,"minecraft:dark_oak_planks":3,"minecraft:iron_axe":175,"minecraft:iron_boots":1,"tombstone:gift":7,"minecraft:cooked_beef":2,"minecraft:cobbled_deepslate":6,"minecraft:iron_leggings":1,"minecraft:water_bucket":58,"minecraft:cobblestone_stairs":2,"minecraft:birch_planks":2,"minecraft:baked_potato":14,"minecraft:birch_boat":1,"minecraft:oak_slab":14,"minecraft:tnt":6,"minecraft:crafting_table":16,"minecraft:white_bed":7,"minecraft:spruce_log":3,"minecraft:smoker":1,"tombstone:bag_of_seeds":5,"minecraft:iron_pickaxe":488,"minecraft:golden_leggings":1,"minecraft:stone_axe":50,"minecraft:cobblestone":246,"minecraft:purple_bed":3,"minecraft:cooked_porkchop":1,"minecraft:bucket":61,"minecraft:yellow_bed":15,"minecraft:dandelion":1},"minecraft:broken":{"minecraft:iron_shovel":8,"minecraft:iron_sword":1,"minecraft:leather_boots":1,"minecraft:iron_pickaxe":1},"minecraft:killed":{"minecraft:spider":25,"minecraft:skeleton":23,"minecraft:pig":1,"minecraft:iron_golem":3,"minecraft:creeper":5,"minecraft:pillager":14,"minecraft:zombie":46,"alexsmobs:cockroach":1,"minecraft:enderman":1},"minecraft:picked_up":{"sereneseasons:calendar":1,"minecraft:wheat":25,"minecraft:lead":3,"minecraft:oak_stairs":2,"minecraft:string":16,"minecraft:raw_copper":26,"minecraft:cobbled_deepslate":52,"minecraft:spruce_planks":1,"minecraft:rose_bush":2,"minecraft:iron_pickaxe":1,"farmersdelight:cabbage_seeds":3,"minecraft:stick":3,"minecraft:composter":2,"minecraft:oak_fence":4,"minecraft:torch":17,"minecraft:porkchop":2,"tombstone:grave_dust":12,"minecraft:pointed_dripstone":2,"minecraft:diorite":12,"minecraft:cauldron":4,"tombstone:lollipop":1,"minecraft:rotten_flesh":30,"minecraft:cobblestone":183,"minecraft:birch_log":7,"minecraft:jungle_log":1,"minecraft:andesite":1,"minecraft:brown_wool":2,"minecraft:golden_leggings":1,"minecraft:smoker":1,"minecraft:potato":9,"minecraft:flint":12,"minecraft:tuff":5,"minecraft:lapis_lazuli":116,"minecraft:dirt":2029,"minecraft:bone":22,"minecraft:wheat_seeds":121,"minecraft:raw_gold":16,"minecraft:grindstone":2,"minecraft:fletching_table":2,"minecraft:oak_planks":41,"minecraft:sand":312,"minecraft:lily_of_the_valley":1,"minecraft:mossy_cobblestone":7,"minecraft:bundle":3,"minecraft:diamond":7,"waystones:waystone":3,"minecraft:bread":3,"minecraft:oak_sapling":5,"minecraft:crafting_table":13,"minecraft:allium":1,"minecraft:brown_mushroom":6,"minecraft:cornflower":11,"minecraft:iron_shovel":1,"minecraft:oak_boat":20,"minecraft:poppy":8,"minecraft:sugar_cane":27,"minecraft:chest":3,"minecraft:egg":1,"minecraft:raw_iron":140,"minecraft:sandstone":12,"minecraft:oak_door":1,"minecraft:carrot":24,"minecraft:redstone":22,"minecraft:dark_oak_planks":3,"minecraft:tnt":3,"minecraft:arrow":17,"minecraft:beetroot_seeds":1,"minecraft:peony":3,"minecraft:hay_block":5,"sophisticatedbackpacks:copper_backpack":1,"tombstone:essence_of_undeath":1,"minecraft:mutton":2,"minecraft:white_wool":10,"minecraft:oxeye_daisy":8,"minecraft:leather":2,"minecraft:red_mushroom":3,"minecraft:oak_log":49,"minecraft:yellow_bed":15,"minecraft:gunpowder":5,"minecraft:cobblestone_stairs":5,"tombstone:voodoo_poppet":1,"minecraft:blue_bed":4,"minecraft:white_banner":1,"minecraft:apple":7,"alexsmobs:cockroach_wing_fragment":1,"minecraft:iron_ingot":20,"minecraft:stone_pickaxe":1,"tombstone:bag_of_seeds":2,"minecraft:oak_slab":14,"minecraft:milk_bucket":1,"minecraft:sweet_berries":19,"minecraft:dandelion":7,"minecraft:raw_iron_block":2,"minecraft:gravel":36,"minecraft:spruce_sapling":4,"minecraft:blast_furnace":4,"minecraft:white_bed":8,"minecraft:spruce_log":40,"minecraft:spider_eye":6,"minecraft:pumpkin_seeds":5,"minecraft:purple_bed":3,"tetra:geode":1,"minecraft:iron_helmet":2,"minecraft:coal":89},"minecraft:dropped":{"minecraft:diamond":1,"minecraft:cooked_porkchop":1,"minecraft:leather":1,"minecraft:red_mushroom":2,"minecraft:sand":8,"minecraft:iron_pickaxe":2,"sereneseasons:calendar":1,"minecraft:gravel":2,"minecraft:goat_horn":1,"minecraft:oak_planks":3,"tetra:modular_sword":1,"minecraft:beetroot_seeds":1,"minecraft:bread":12,"minecraft:wheat_seeds":6,"minecraft:torch":2,"minecraft:rose_bush":2,"minecraft:brown_wool":1,"minecraft:iron_leggings":1,"minecraft:iron_shovel":5,"minecraft:bucket":1,"tombstone:voodoo_poppet":1,"minecraft:iron_boots":1,"minecraft:flint_and_steel":9,"minecraft:lily_of_the_valley":1,"minecraft:bundle":1,"minecraft:iron_chestplate":1,"minecraft:oak_boat":3,"minecraft:sandstone":5,"minecraft:stone_pickaxe":2},"minecraft:custom":{"minecraft:interact_with_crafting_table":88,"minecraft:bell_ring":14,"minecraft:leave_game":5,"minecraft:time_since_death":28181,"minecraft:sprint_one_cm":407542,"minecraft:drop":60,"tombstone:eaten_lollipop":1,"minecraft:talked_to_villager":20,"minecraft:play_time":396231,"minecraft:deaths":7,"minecraft:jump":5876,"minecraft:walk_on_water_one_cm":78338,"minecraft:interact_with_furnace":36,"minecraft:traded_with_villager":2,"minecraft:sleep_in_bed":14,"minecraft:waystone_activated":5,"minecraft:damage_dealt":23920,"minecraft:player_kills":1,"minecraft:crouch_one_cm":66584,"tombstone:undead_killed":69,"minecraft:interact_with_smoker":3,"minecraft:mob_kills":127,"minecraft:climb_one_cm":1197,"minecraft:walk_one_cm":756307,"minecraft:sneak_time":17905,"minecraft:walk_under_water_one_cm":18264,"minecraft:boat_one_cm":498322,"minecraft:interact_with_blast_furnace":48,"minecraft:total_world_time":396231,"tombstone:raider_killed":14,"minecraft:time_since_rest":28070,"minecraft:damage_taken":4203,"minecraft:damage_absorbed":30,"minecraft:swim_one_cm":21284,"minecraft:fly_one_cm":1146241,"minecraft:open_chest":312,"minecraft:fall_one_cm":130746},"minecraft:killed_by":{"minecraft:creeper":2,"minecraft:skeleton":5},"minecraft:crafted":{"minecraft:oak_planks":212,"minecraft:cactus":2,"minecraft:birch_boat":1,"minecraft:stone":76,"minecraft:iron_boots":2,"minecraft:bow":1,"minecraft:chest":5,"minecraft:rail":16,"minecraft:raw_iron_block":12,"minecraft:smoker":1,"minecraft:oak_slab":12,"minecraft:cooked_porkchop":2,"minecraft:crafting_table":4,"minecraft:iron_helmet":1,"minecraft:wooden_pickaxe":1,"minecraft:baked_potato":14,"minecraft:clock":1,"minecraft:copper_ingot":16,"minecraft:birch_planks":28,"minecraft:dispenser":1,"minecraft:tnt":2,"minecraft:iron_chestplate":2,"minecraft:paper":9,"minecraft:yellow_dye":1,"minecraft:stick":68,"minecraft:iron_ingot":222,"minecraft:iron_pickaxe":4,"minecraft:iron_block":15,"minecraft:stone_sword":1,"sereneseasons:calendar":1,"minecraft:gold_ingot":30,"minecraft:sandstone":4,"minecraft:redstone_torch":1,"minecraft:shears":1,"minecraft:raw_iron":126,"minecraft:furnace":3,"minecraft:yellow_bed":1,"minecraft:oak_trapdoor":16,"minecraft:flint_and_steel":8,"minecraft:iron_axe":1,"minecraft:iron_hoe":1,"minecraft:stone_pickaxe":2,"tetra:modular_double":3,"minecraft:minecart":1,"minecraft:wheat":36,"minecraft:cooked_beef":4,"minecraft:red_dye":1,"minecraft:powered_rail":6,"minecraft:iron_sword":3,"minecraft:bucket":1,"minecraft:stone_axe":1,"minecraft:bread":20,"minecraft:air":0,"tetra:modular_toolbelt":1,"minecraft:oak_boat":4,"minecraft:iron_shovel":13,"minecraft:iron_leggings":1,"minecraft:torch":28},"minecraft:mined":{"minecraft:dark_oak_planks":3,"minecraft:spruce_planks":1,"minecraft:white_bed":3,"minecraft:cobblestone_stairs":5,"minecraft:granite":1,"minecraft:grass_block":1422,"minecraft:jungle_log":1,"minecraft:composter":2,"minecraft:oxeye_daisy":4,"minecraft:raw_iron_block":2,"minecraft:iron_ore":31,"minecraft:fire":1,"minecraft:fletching_table":2,"minecraft:deepslate_lapis_ore":11,"minecraft:pointed_dripstone":2,"minecraft:water_cauldron":4,"minecraft:dirt_path":4,"minecraft:oak_stairs":2,"minecraft:deepslate_redstone_ore":5,"minecraft:brown_mushroom":1,"minecraft:torch":5,"minecraft:blast_furnace":2,"minecraft:poppy":5,"minecraft:chest":3,"farmersdelight:brown_mushroom_colony":1,"minecraft:cobblestone":88,"minecraft:sugar_cane":14,"minecraft:grindstone":2,"minecraft:oak_planks":19,"minecraft:wall_torch":3,"minecraft:deepslate_copper_ore":4,"farmersdelight:sandy_shrub":1,"minecraft:birch_log":7,"minecraft:wheat":7,"minecraft:tnt":1,"minecraft:grass":264,"minecraft:oak_log":53,"minecraft:sand":316,"minecraft:dirt":558,"minecraft:oak_leaves":42,"minecraft:deepslate":46,"minecraft:tuff":5,"minecraft:mossy_cobblestone":7,"minecraft:deepslate_diamond_ore":7,"minecraft:oak_door":1,"tetra:block_geode":1,"farmersdelight:wild_carrots":11,"minecraft:red_mushroom":1,"minecraft:sandstone":22,"minecraft:hay_block":5,"minecraft:furnace":1,"minecraft:carrots":5,"minecraft:andesite":4,"minecraft:peony":1,"minecraft:potatoes":1,"minecraft:deepslate_iron_ore":90,"minecraft:vine":2,"minecraft:stone":86,"minecraft:white_wool":9,"minecraft:oak_slab":14,"minecraft:glass_pane":3,"minecraft:lily_of_the_valley":1,"minecraft:dandelion":3,"minecraft:oak_fence":3,"minecraft:crafting_table":6,"minecraft:cornflower":4,"minecraft:rose_bush":1,"minecraft:tall_grass":75,"minecraft:copper_ore":6,"minecraft:lapis_ore":5,"minecraft:deepslate_gold_ore":16,"minecraft:diorite":12,"minecraft:blue_bed":4,"farmersdelight:wild_beetroots":1,"minecraft:purple_bed":2,"tetra:basic_workbench":7,"minecraft:sweet_berry_bush":5,"minecraft:spruce_log":36,"minecraft:white_wall_banner":2,"minecraft:yellow_bed":9,"minecraft:coal_ore":85,"minecraft:gravel":40,"minecraft:gold_ore":1,"minecraft:fern":6}},"DataVersion":3120}