{"stats":{"minecraft:used":{"minecraft:diorite":11,"minecraft:stone_sword":21,"minecraft:birch_planks":2,"minecraft:stone_pickaxe":78,"minecraft:chest":3,"minecraft:wooden_pickaxe":8,"minecraft:birch_boat":1,"minecraft:iron_sword":29,"minecraft:blue_bed":3,"minecraft:torch":10,"minecraft:golden_apple":1,"minecraft:dirt":19,"tetra:modular_sword":56,"minecraft:crafting_table":11,"tetra:modular_double":6,"minecraft:spruce_log":3,"waystones:waystone":2,"minecraft:bread":4,"minecraft:iron_pickaxe":57,"tombstone:grave_key":1,"minecraft:golden_leggings":1,"minecraft:stone_axe":50,"minecraft:purple_bed":1,"minecraft:furnace":1,"tombstone:gift":2,"minecraft:oak_boat":1},"minecraft:picked_up":{"minecraft:birch_log":7,"minecraft:crafting_table":10,"minecraft:wheat":5,"minecraft:allium":1,"minecraft:jungle_log":1,"minecraft:brown_mushroom":6,"minecraft:leather":2,"minecraft:golden_leggings":1,"minecraft:lead":1,"minecraft:red_mushroom":1,"minecraft:oak_log":4,"minecraft:gunpowder":2,"tombstone:voodoo_poppet":1,"minecraft:blue_bed":4,"minecraft:lapis_lazuli":22,"minecraft:dirt":26,"minecraft:string":5,"minecraft:raw_copper":26,"minecraft:bone":5,"minecraft:apple":7,"minecraft:wheat_seeds":17,"minecraft:cobbled_deepslate":3,"alexsmobs:cockroach_wing_fragment":1,"minecraft:spruce_planks":1,"minecraft:grindstone":2,"minecraft:iron_ingot":8,"minecraft:stone_pickaxe":1,"minecraft:rose_bush":2,"minecraft:fletching_table":1,"minecraft:iron_pickaxe":1,"minecraft:sugar_cane":19,"minecraft:chest":3,"farmersdelight:cabbage_seeds":3,"minecraft:stick":3,"minecraft:raw_iron":42,"minecraft:sweet_berries":19,"minecraft:spruce_sapling":4,"tombstone:grave_dust":3,"minecraft:diorite":11,"minecraft:spruce_log":26,"minecraft:lily_of_the_valley":1,"minecraft:spider_eye":4,"minecraft:purple_bed":1,"minecraft:pumpkin_seeds":5,"minecraft:arrow":2,"minecraft:rotten_flesh":5,"minecraft:peony":3,"waystones:waystone":3,"minecraft:iron_helmet":2,"minecraft:bread":3,"sophisticatedbackpacks:copper_backpack":1,"minecraft:coal":25,"minecraft:cobblestone":42},"minecraft:custom":{"minecraft:interact_with_furnace":15,"minecraft:mob_kills":31,"minecraft:interact_with_crafting_table":21,"minecraft:sleep_in_bed":2,"minecraft:leave_game":2,"minecraft:time_since_death":49109,"minecraft:climb_one_cm":416,"minecraft:time_since_rest":4580,"minecraft:waystone_activated":4,"minecraft:damage_absorbed":30,"minecraft:sprint_one_cm":102337,"minecraft:damage_taken":1343,"minecraft:walk_one_cm":184294,"minecraft:drop":19,"minecraft:damage_dealt":4633,"minecraft:swim_one_cm":9462,"minecraft:fly_one_cm":176080,"minecraft:talked_to_villager":5,"minecraft:open_chest":16,"minecraft:crouch_one_cm":7081,"minecraft:play_time":130181,"tombstone:undead_killed":19,"minecraft:deaths":4,"minecraft:sneak_time":4157,"minecraft:walk_under_water_one_cm":6299,"minecraft:boat_one_cm":50228,"minecraft:jump":1255,"minecraft:walk_on_water_one_cm":8396,"minecraft:total_world_time":130181,"minecraft:fall_one_cm":33574},"minecraft:killed_by":{"minecraft:skeleton":4},"minecraft:crafted":{"minecraft:oak_planks":16,"minecraft:crafting_table":2,"minecraft:birch_boat":1,"minecraft:wooden_pickaxe":1,"minecraft:iron_sword":2,"minecraft:furnace":1,"minecraft:copper_ingot":16,"minecraft:birch_planks":28,"minecraft:stone_axe":1,"minecraft:air":0,"minecraft:oak_boat":1,"minecraft:iron_chestplate":1,"minecraft:stick":32,"minecraft:iron_ingot":21,"minecraft:iron_pickaxe":2,"minecraft:stone_pickaxe":2,"minecraft:stone_sword":1,"minecraft:iron_shovel":1,"minecraft:torch":12,"tetra:modular_double":1},"minecraft:mined":{"minecraft:spruce_planks":1,"minecraft:brown_mushroom":1,"minecraft:lily_of_the_valley":1,"farmersdelight:wild_carrots":3,"minecraft:crafting_table":4,"minecraft:granite":1,"minecraft:jungle_log":1,"minecraft:grass_block":11,"minecraft:chest":3,"minecraft:rose_bush":1,"farmersdelight:brown_mushroom_colony":1,"minecraft:copper_ore":6,"minecraft:tall_grass":12,"minecraft:sugar_cane":8,"minecraft:lapis_ore":3,"minecraft:grindstone":2,"minecraft:red_mushroom":1,"minecraft:diorite":11,"minecraft:blue_bed":4,"minecraft:deepslate_copper_ore":4,"farmersdelight:sandy_shrub":1,"minecraft:purple_bed":1,"minecraft:furnace":1,"minecraft:sweet_berry_bush":5,"minecraft:birch_log":7,"tetra:basic_workbench":6,"minecraft:iron_ore":8,"minecraft:wheat":6,"minecraft:fire":1,"minecraft:spruce_log":21,"minecraft:andesite":3,"minecraft:fletching_table":1,"minecraft:peony":1,"minecraft:grass":38,"minecraft:oak_log":6,"minecraft:coal_ore":26,"minecraft:deepslate_iron_ore":17,"minecraft:dirt":13,"minecraft:stone":46,"minecraft:oak_leaves":3,"minecraft:deepslate":3,"minecraft:fern":6},"minecraft:dropped":{"minecraft:bread":4,"minecraft:wheat_seeds":5,"minecraft:oak_planks":3,"minecraft:leather":1,"minecraft:lily_of_the_valley":1,"tetra:modular_sword":1,"minecraft:rose_bush":2,"minecraft:stone_pickaxe":2,"minecraft:iron_pickaxe":2,"tombstone:voodoo_poppet":1},"minecraft:killed":{"minecraft:spider":10,"minecraft:creeper":1,"minecraft:skeleton":7,"minecraft:zombie":12,"alexsmobs:cockroach":1}},"DataVersion":3120}