{"stats":{"minecraft:broken":{"minecraft:iron_shovel":1},"minecraft:used":{"minecraft:oak_fence":1,"minecraft:stone_sword":21,"minecraft:iron_shovel":390,"minecraft:chest":5,"minecraft:iron_sword":80,"minecraft:torch":10,"minecraft:dirt":67,"tetra:modular_sword":56,"minecraft:iron_axe":52,"minecraft:furnace":1,"minecraft:cooked_cod":1,"tombstone:gift":2,"minecraft:diorite":11,"minecraft:birch_planks":2,"minecraft:stone_pickaxe":78,"minecraft:oak_planks":2,"minecraft:birch_boat":1,"minecraft:wooden_pickaxe":8,"minecraft:sandstone":7,"minecraft:blue_bed":4,"minecraft:golden_apple":1,"minecraft:sand":3,"minecraft:crafting_table":11,"minecraft:blast_furnace":1,"tetra:modular_double":6,"minecraft:spruce_log":3,"tombstone:bag_of_seeds":2,"waystones:waystone":3,"minecraft:bread":10,"minecraft:iron_pickaxe":157,"tombstone:grave_key":1,"minecraft:golden_leggings":1,"minecraft:stone_axe":50,"minecraft:purple_bed":3,"minecraft:oak_boat":1,"minecraft:dandelion":1},"minecraft:picked_up":{"minecraft:crafting_table":10,"minecraft:allium":1,"minecraft:wheat":25,"minecraft:brown_mushroom":6,"minecraft:lead":1,"minecraft:cornflower":2,"minecraft:string":6,"minecraft:raw_copper":26,"minecraft:cobbled_deepslate":3,"minecraft:spruce_planks":1,"minecraft:rose_bush":2,"minecraft:poppy":2,"minecraft:iron_pickaxe":1,"minecraft:sugar_cane":19,"minecraft:chest":3,"farmersdelight:cabbage_seeds":3,"minecraft:raw_iron":42,"minecraft:stick":3,"minecraft:sandstone":12,"minecraft:oak_door":1,"minecraft:oak_fence":1,"minecraft:torch":2,"tombstone:grave_dust":3,"minecraft:diorite":11,"minecraft:arrow":2,"minecraft:rotten_flesh":11,"minecraft:peony":3,"tombstone:essence_of_undeath":1,"sophisticatedbackpacks:copper_backpack":1,"minecraft:cobblestone":101,"minecraft:birch_log":7,"minecraft:jungle_log":1,"minecraft:leather":2,"minecraft:golden_leggings":1,"minecraft:red_mushroom":1,"minecraft:oak_log":34,"minecraft:yellow_bed":1,"minecraft:gunpowder":4,"minecraft:cobblestone_stairs":3,"tombstone:voodoo_poppet":1,"minecraft:lapis_lazuli":22,"minecraft:dirt":388,"minecraft:blue_bed":4,"minecraft:bone":5,"minecraft:apple":7,"minecraft:wheat_seeds":40,"alexsmobs:cockroach_wing_fragment":1,"minecraft:stone_pickaxe":1,"minecraft:iron_ingot":8,"minecraft:grindstone":2,"tombstone:bag_of_seeds":1,"minecraft:fletching_table":1,"minecraft:sweet_berries":19,"minecraft:gravel":5,"minecraft:dandelion":3,"minecraft:sand":16,"minecraft:spruce_sapling":4,"minecraft:blast_furnace":1,"minecraft:white_bed":3,"minecraft:lily_of_the_valley":1,"minecraft:spruce_log":40,"minecraft:spider_eye":5,"minecraft:mossy_cobblestone":7,"minecraft:pumpkin_seeds":5,"minecraft:purple_bed":3,"waystones:waystone":3,"minecraft:iron_helmet":2,"minecraft:bread":3,"minecraft:coal":25},"minecraft:custom":{"minecraft:mob_kills":43,"minecraft:interact_with_crafting_table":28,"minecraft:leave_game":2,"minecraft:time_since_death":79109,"minecraft:climb_one_cm":416,"minecraft:sprint_one_cm":146816,"minecraft:walk_one_cm":248020,"minecraft:drop":19,"minecraft:talked_to_villager":5,"minecraft:play_time":160181,"minecraft:deaths":4,"minecraft:sneak_time":7327,"minecraft:walk_under_water_one_cm":11714,"minecraft:boat_one_cm":50228,"minecraft:jump":1879,"minecraft:interact_with_blast_furnace":6,"minecraft:walk_on_water_one_cm":11499,"minecraft:total_world_time":160181,"minecraft:interact_with_furnace":15,"minecraft:sleep_in_bed":5,"minecraft:time_since_rest":3509,"minecraft:waystone_activated":5,"minecraft:damage_taken":1474,"minecraft:damage_absorbed":30,"minecraft:damage_dealt":6810,"minecraft:swim_one_cm":19918,"minecraft:fly_one_cm":315908,"minecraft:open_chest":62,"minecraft:crouch_one_cm":21393,"tombstone:undead_killed":29,"minecraft:fall_one_cm":48813},"minecraft:killed_by":{"minecraft:skeleton":4},"minecraft:crafted":{"minecraft:oak_planks":164,"minecraft:birch_boat":1,"minecraft:furnace":1,"minecraft:iron_axe":1,"minecraft:stone_pickaxe":2,"minecraft:chest":2,"tetra:modular_double":1,"minecraft:crafting_table":2,"minecraft:wooden_pickaxe":1,"minecraft:iron_sword":2,"minecraft:copper_ingot":16,"minecraft:birch_planks":28,"minecraft:stone_axe":1,"minecraft:bread":8,"minecraft:air":0,"minecraft:oak_boat":1,"minecraft:iron_chestplate":1,"minecraft:stick":32,"minecraft:iron_ingot":48,"minecraft:iron_pickaxe":2,"minecraft:stone_sword":1,"minecraft:iron_shovel":2,"minecraft:gold_ingot":14,"minecraft:torch":12},"minecraft:mined":{"minecraft:spruce_planks":1,"minecraft:white_bed":3,"minecraft:mossy_cobblestone":7,"minecraft:oak_door":1,"minecraft:cobblestone_stairs":3,"farmersdelight:wild_carrots":3,"minecraft:granite":1,"minecraft:grass_block":249,"minecraft:jungle_log":1,"minecraft:red_mushroom":1,"minecraft:sandstone":20,"minecraft:furnace":1,"minecraft:iron_ore":8,"minecraft:fire":1,"minecraft:andesite":3,"minecraft:fletching_table":1,"minecraft:peony":1,"minecraft:dirt_path":2,"minecraft:deepslate_iron_ore":17,"minecraft:stone":68,"minecraft:brown_mushroom":1,"minecraft:glass_pane":3,"minecraft:lily_of_the_valley":1,"minecraft:crafting_table":4,"minecraft:blast_furnace":1,"minecraft:chest":3,"minecraft:rose_bush":1,"farmersdelight:brown_mushroom_colony":1,"minecraft:cobblestone":38,"minecraft:tall_grass":24,"minecraft:copper_ore":6,"minecraft:lapis_ore":3,"minecraft:grindstone":2,"minecraft:sugar_cane":8,"minecraft:diorite":11,"minecraft:blue_bed":4,"minecraft:deepslate_copper_ore":4,"minecraft:purple_bed":2,"farmersdelight:sandy_shrub":1,"tetra:basic_workbench":6,"minecraft:birch_log":7,"minecraft:wheat":6,"minecraft:sweet_berry_bush":5,"minecraft:spruce_log":36,"minecraft:yellow_bed":1,"minecraft:grass":84,"minecraft:coal_ore":26,"minecraft:oak_log":36,"minecraft:sand":19,"minecraft:gravel":5,"minecraft:dirt":119,"minecraft:oak_leaves":5,"minecraft:deepslate":3,"minecraft:fern":6},"minecraft:dropped":{"minecraft:bread":4,"minecraft:wheat_seeds":5,"minecraft:leather":1,"minecraft:rose_bush":2,"minecraft:iron_pickaxe":2,"tombstone:voodoo_poppet":1,"minecraft:oak_planks":3,"minecraft:lily_of_the_valley":1,"tetra:modular_sword":1,"minecraft:stone_pickaxe":2},"minecraft:killed":{"minecraft:spider":11,"minecraft:skeleton":7,"minecraft:creeper":1,"alexsmobs:cockroach":1,"minecraft:zombie":22}},"DataVersion":3120}