{"stats":{"minecraft:broken":{"minecraft:iron_shovel":5},"minecraft:used":{"minecraft:oak_trapdoor":5,"minecraft:oak_fence":1,"minecraft:stone_sword":21,"minecraft:iron_shovel":1308,"minecraft:chest":6,"minecraft:iron_sword":186,"minecraft:rotten_flesh":1,"minecraft:torch":10,"minecraft:dirt":153,"minecraft:mutton":2,"tetra:modular_sword":56,"minecraft:iron_axe":75,"minecraft:furnace":2,"minecraft:cooked_cod":1,"tombstone:gift":3,"minecraft:egg":1,"minecraft:potato":1,"minecraft:diorite":11,"minecraft:birch_planks":2,"minecraft:stone_pickaxe":78,"minecraft:oak_planks":46,"minecraft:birch_boat":1,"minecraft:wooden_pickaxe":8,"minecraft:sandstone":7,"minecraft:blue_bed":4,"minecraft:golden_apple":1,"minecraft:sand":8,"minecraft:crafting_table":12,"minecraft:blast_furnace":1,"tetra:modular_double":6,"minecraft:white_bed":7,"minecraft:spruce_log":3,"tombstone:bag_of_seeds":5,"waystones:waystone":3,"minecraft:bread":10,"minecraft:iron_pickaxe":210,"tombstone:grave_key":1,"minecraft:gravel":10,"minecraft:golden_leggings":1,"minecraft:stone_axe":50,"minecraft:cobblestone":240,"minecraft:purple_bed":3,"minecraft:yellow_bed":15,"minecraft:oak_boat":14,"minecraft:dandelion":1},"minecraft:picked_up":{"sereneseasons:calendar":1,"minecraft:crafting_table":10,"minecraft:allium":1,"minecraft:wheat":25,"minecraft:brown_mushroom":6,"minecraft:lead":3,"minecraft:cornflower":6,"minecraft:string":8,"minecraft:raw_copper":26,"minecraft:iron_shovel":1,"minecraft:cobbled_deepslate":3,"minecraft:spruce_planks":1,"minecraft:oak_boat":12,"minecraft:rose_bush":2,"minecraft:poppy":2,"minecraft:iron_pickaxe":1,"minecraft:sugar_cane":19,"minecraft:chest":3,"farmersdelight:cabbage_seeds":3,"minecraft:egg":1,"minecraft:raw_iron":42,"minecraft:stick":3,"minecraft:sandstone":12,"minecraft:oak_door":1,"minecraft:oak_fence":1,"minecraft:torch":2,"tombstone:grave_dust":5,"minecraft:diorite":11,"minecraft:cauldron":4,"minecraft:arrow":7,"minecraft:rotten_flesh":16,"minecraft:peony":3,"tombstone:essence_of_undeath":1,"sophisticatedbackpacks:copper_backpack":1,"minecraft:mutton":2,"minecraft:cobblestone":145,"minecraft:oxeye_daisy":3,"minecraft:birch_log":7,"minecraft:jungle_log":1,"minecraft:brown_wool":2,"minecraft:leather":2,"minecraft:golden_leggings":1,"minecraft:red_mushroom":1,"minecraft:potato":1,"minecraft:flint":2,"minecraft:oak_log":40,"minecraft:yellow_bed":15,"minecraft:gunpowder":4,"minecraft:cobblestone_stairs":3,"tombstone:voodoo_poppet":1,"minecraft:lapis_lazuli":22,"minecraft:dirt":1313,"minecraft:blue_bed":4,"minecraft:bone":12,"minecraft:apple":7,"minecraft:wheat_seeds":88,"alexsmobs:cockroach_wing_fragment":1,"minecraft:stone_pickaxe":1,"minecraft:iron_ingot":15,"minecraft:grindstone":2,"tombstone:bag_of_seeds":2,"minecraft:fletching_table":2,"minecraft:oak_planks":4,"minecraft:sweet_berries":19,"minecraft:gravel":12,"minecraft:dandelion":6,"minecraft:sand":19,"minecraft:spruce_sapling":4,"minecraft:blast_furnace":1,"minecraft:white_bed":8,"minecraft:lily_of_the_valley":1,"minecraft:spruce_log":40,"minecraft:spider_eye":5,"minecraft:mossy_cobblestone":7,"minecraft:bundle":1,"minecraft:pumpkin_seeds":5,"minecraft:purple_bed":3,"waystones:waystone":3,"minecraft:iron_helmet":2,"minecraft:bread":3,"minecraft:coal":25},"minecraft:custom":{"minecraft:mob_kills":66,"minecraft:interact_with_crafting_table":47,"minecraft:bell_ring":14,"minecraft:leave_game":2,"minecraft:time_since_death":40270,"minecraft:climb_one_cm":416,"minecraft:sprint_one_cm":206863,"minecraft:walk_one_cm":423231,"minecraft:drop":38,"minecraft:talked_to_villager":16,"minecraft:play_time":220181,"minecraft:deaths":6,"minecraft:sneak_time":11205,"minecraft:walk_under_water_one_cm":11714,"minecraft:boat_one_cm":146064,"minecraft:jump":2755,"minecraft:interact_with_blast_furnace":11,"minecraft:walk_on_water_one_cm":11499,"minecraft:total_world_time":220181,"minecraft:interact_with_furnace":21,"tombstone:raider_killed":1,"minecraft:traded_with_villager":2,"minecraft:sleep_in_bed":6,"minecraft:time_since_rest":5755,"minecraft:waystone_activated":5,"minecraft:damage_taken":2155,"minecraft:damage_absorbed":30,"minecraft:damage_dealt":12452,"minecraft:player_kills":1,"minecraft:swim_one_cm":19918,"minecraft:fly_one_cm":487911,"minecraft:open_chest":132,"minecraft:crouch_one_cm":41351,"tombstone:undead_killed":40,"minecraft:fall_one_cm":61313},"minecraft:killed_by":{"minecraft:creeper":1,"minecraft:skeleton":5},"minecraft:crafted":{"minecraft:oak_planks":188,"minecraft:cactus":2,"minecraft:birch_boat":1,"minecraft:furnace":2,"minecraft:yellow_bed":1,"minecraft:oak_trapdoor":12,"minecraft:flint_and_steel":2,"minecraft:iron_axe":1,"minecraft:stone_pickaxe":2,"minecraft:chest":3,"tetra:modular_double":1,"minecraft:crafting_table":3,"minecraft:wooden_pickaxe":1,"minecraft:iron_sword":2,"minecraft:clock":1,"minecraft:copper_ingot":16,"minecraft:bucket":1,"minecraft:birch_planks":28,"minecraft:stone_axe":1,"minecraft:bread":8,"minecraft:air":0,"minecraft:oak_boat":4,"minecraft:yellow_dye":1,"minecraft:paper":9,"minecraft:iron_chestplate":1,"minecraft:stick":48,"minecraft:iron_ingot":48,"minecraft:iron_pickaxe":2,"minecraft:stone_sword":1,"sereneseasons:calendar":1,"minecraft:iron_shovel":9,"minecraft:gold_ingot":14,"minecraft:torch":12,"minecraft:shears":1},"minecraft:mined":{"minecraft:spruce_planks":1,"minecraft:white_bed":3,"minecraft:mossy_cobblestone":7,"minecraft:oak_door":1,"minecraft:cobblestone_stairs":3,"farmersdelight:wild_carrots":3,"minecraft:granite":1,"minecraft:grass_block":875,"minecraft:jungle_log":1,"minecraft:red_mushroom":1,"minecraft:oxeye_daisy":1,"minecraft:sandstone":20,"minecraft:furnace":1,"minecraft:iron_ore":8,"minecraft:fire":1,"minecraft:andesite":3,"minecraft:fletching_table":2,"minecraft:peony":1,"minecraft:water_cauldron":4,"minecraft:dirt_path":2,"minecraft:deepslate_iron_ore":17,"minecraft:stone":68,"minecraft:brown_mushroom":1,"minecraft:glass_pane":3,"minecraft:lily_of_the_valley":1,"minecraft:dandelion":1,"minecraft:crafting_table":4,"minecraft:blast_furnace":1,"minecraft:chest":3,"minecraft:rose_bush":1,"farmersdelight:brown_mushroom_colony":1,"minecraft:cobblestone":86,"minecraft:tall_grass":40,"minecraft:copper_ore":6,"minecraft:oak_planks":4,"minecraft:lapis_ore":3,"minecraft:grindstone":2,"minecraft:sugar_cane":8,"minecraft:diorite":11,"minecraft:blue_bed":4,"minecraft:deepslate_copper_ore":4,"minecraft:purple_bed":2,"farmersdelight:sandy_shrub":1,"tetra:basic_workbench":6,"minecraft:birch_log":7,"minecraft:wheat":6,"minecraft:sweet_berry_bush":5,"minecraft:spruce_log":36,"minecraft:yellow_bed":9,"minecraft:grass":158,"minecraft:coal_ore":26,"minecraft:oak_log":44,"minecraft:sand":24,"minecraft:gravel":15,"minecraft:dirt":387,"minecraft:oak_leaves":16,"minecraft:deepslate":3,"minecraft:fern":6},"minecraft:dropped":{"minecraft:bread":4,"minecraft:wheat_seeds":6,"minecraft:diamond":1,"minecraft:leather":1,"minecraft:rose_bush":2,"minecraft:brown_wool":1,"minecraft:sand":8,"minecraft:iron_pickaxe":2,"minecraft:iron_shovel":5,"tombstone:voodoo_poppet":1,"sereneseasons:calendar":1,"minecraft:gravel":2,"minecraft:oak_planks":3,"minecraft:flint_and_steel":3,"minecraft:lily_of_the_valley":1,"tetra:modular_sword":1,"minecraft:bundle":1,"minecraft:oak_boat":3,"minecraft:sandstone":5,"minecraft:stone_pickaxe":2},"minecraft:killed":{"minecraft:spider":17,"minecraft:skeleton":11,"minecraft:iron_golem":2,"minecraft:creeper":3,"minecraft:pillager":1,"alexsmobs:cockroach":1,"minecraft:zombie":29}},"DataVersion":3120}