{"stats":{"minecraft:used":{"minecraft:oak_fence":1,"minecraft:oak_trapdoor":9,"minecraft:stone_sword":21,"minecraft:iron_shovel":2364,"minecraft:chest":8,"minecraft:iron_sword":251,"minecraft:rotten_flesh":1,"minecraft:torch":17,"minecraft:dirt":929,"minecraft:mutton":2,"tetra:modular_sword":56,"minecraft:carrot":6,"minecraft:allium":1,"minecraft:milk_bucket":1,"minecraft:iron_hoe":5,"minecraft:dark_oak_planks":3,"minecraft:iron_axe":165,"minecraft:hay_block":1,"minecraft:furnace":2,"minecraft:cooked_cod":1,"minecraft:cooked_beef":2,"tombstone:gift":5,"minecraft:egg":5,"minecraft:potato":1,"minecraft:water_bucket":58,"minecraft:diorite":11,"minecraft:cobblestone_stairs":2,"minecraft:birch_planks":2,"minecraft:baked_potato":2,"minecraft:stone_pickaxe":78,"minecraft:oak_planks":67,"minecraft:sugar_cane":21,"minecraft:wooden_pickaxe":8,"minecraft:birch_boat":1,"minecraft:composter":1,"minecraft:sandstone":11,"minecraft:blue_bed":4,"minecraft:golden_apple":1,"minecraft:sand":223,"minecraft:tnt":6,"minecraft:oak_slab":14,"minecraft:crafting_table":12,"minecraft:blast_furnace":2,"tetra:modular_double":6,"minecraft:white_bed":7,"minecraft:smoker":1,"minecraft:spruce_log":3,"minecraft:shears":9,"alexsmobs:terrapin_bucket":2,"tombstone:bag_of_seeds":5,"waystones:waystone":3,"minecraft:iron_pickaxe":340,"minecraft:bread":22,"tombstone:grave_key":1,"minecraft:gravel":10,"minecraft:stone_axe":50,"minecraft:golden_leggings":1,"minecraft:cobblestone":241,"minecraft:purple_bed":3,"minecraft:cooked_porkchop":1,"minecraft:bucket":61,"minecraft:yellow_bed":15,"minecraft:oak_boat":22,"minecraft:dandelion":1},"minecraft:broken":{"minecraft:iron_shovel":8,"minecraft:iron_pickaxe":1},"minecraft:killed":{"minecraft:spider":19,"minecraft:skeleton":14,"minecraft:pig":1,"minecraft:iron_golem":3,"minecraft:creeper":5,"minecraft:pillager":14,"minecraft:zombie":32,"alexsmobs:cockroach":1},"minecraft:picked_up":{"sereneseasons:calendar":1,"minecraft:crafting_table":10,"minecraft:wheat":25,"minecraft:allium":1,"minecraft:brown_mushroom":6,"minecraft:lead":3,"minecraft:oak_stairs":2,"minecraft:cornflower":11,"minecraft:string":12,"minecraft:raw_copper":26,"minecraft:iron_shovel":1,"minecraft:cobbled_deepslate":10,"minecraft:spruce_planks":1,"minecraft:oak_boat":20,"minecraft:rose_bush":2,"minecraft:poppy":8,"minecraft:iron_pickaxe":1,"minecraft:sugar_cane":27,"minecraft:chest":3,"farmersdelight:cabbage_seeds":3,"minecraft:egg":1,"minecraft:stick":3,"minecraft:raw_iron":76,"minecraft:sandstone":12,"minecraft:oak_door":1,"minecraft:composter":2,"minecraft:oak_fence":4,"minecraft:torch":6,"minecraft:porkchop":2,"tombstone:grave_dust":5,"minecraft:diorite":12,"minecraft:carrot":23,"minecraft:cauldron":4,"minecraft:dark_oak_planks":3,"minecraft:tnt":3,"minecraft:arrow":10,"minecraft:rotten_flesh":19,"minecraft:beetroot_seeds":1,"minecraft:peony":3,"minecraft:hay_block":5,"tombstone:essence_of_undeath":1,"sophisticatedbackpacks:copper_backpack":1,"minecraft:mutton":2,"minecraft:white_wool":10,"minecraft:cobblestone":181,"minecraft:oxeye_daisy":8,"minecraft:birch_log":7,"minecraft:andesite":1,"minecraft:jungle_log":1,"minecraft:brown_wool":2,"minecraft:leather":2,"minecraft:golden_leggings":1,"minecraft:smoker":1,"minecraft:red_mushroom":3,"minecraft:potato":9,"minecraft:flint":12,"minecraft:oak_log":49,"minecraft:yellow_bed":15,"minecraft:gunpowder":5,"minecraft:cobblestone_stairs":5,"tombstone:voodoo_poppet":1,"minecraft:lapis_lazuli":37,"minecraft:dirt":2029,"minecraft:blue_bed":4,"minecraft:white_banner":1,"minecraft:bone":14,"minecraft:apple":7,"minecraft:raw_gold":1,"minecraft:wheat_seeds":121,"alexsmobs:cockroach_wing_fragment":1,"minecraft:grindstone":2,"minecraft:iron_ingot":20,"minecraft:stone_pickaxe":1,"tombstone:bag_of_seeds":2,"minecraft:fletching_table":2,"minecraft:oak_planks":19,"minecraft:milk_bucket":1,"minecraft:oak_slab":14,"minecraft:sweet_berries":19,"minecraft:dandelion":7,"minecraft:gravel":36,"minecraft:sand":312,"minecraft:spruce_sapling":4,"minecraft:blast_furnace":2,"minecraft:white_bed":8,"minecraft:spruce_log":40,"minecraft:lily_of_the_valley":1,"minecraft:spider_eye":5,"minecraft:mossy_cobblestone":7,"minecraft:bundle":1,"minecraft:pumpkin_seeds":5,"minecraft:purple_bed":3,"waystones:waystone":3,"minecraft:iron_helmet":2,"minecraft:bread":3,"minecraft:oak_sapling":5,"minecraft:coal":89},"minecraft:dropped":{"minecraft:bread":4,"minecraft:wheat_seeds":6,"minecraft:diamond":1,"minecraft:leather":1,"minecraft:torch":1,"minecraft:rose_bush":2,"minecraft:brown_wool":1,"minecraft:sand":8,"minecraft:iron_pickaxe":2,"minecraft:iron_shovel":5,"minecraft:bucket":1,"tombstone:voodoo_poppet":1,"sereneseasons:calendar":1,"minecraft:gravel":2,"minecraft:goat_horn":1,"minecraft:oak_planks":3,"minecraft:flint_and_steel":9,"minecraft:lily_of_the_valley":1,"tetra:modular_sword":1,"minecraft:bundle":1,"minecraft:beetroot_seeds":1,"minecraft:oak_boat":3,"minecraft:sandstone":5,"minecraft:stone_pickaxe":2},"minecraft:custom":{"minecraft:mob_kills":91,"minecraft:interact_with_crafting_table":72,"minecraft:bell_ring":14,"minecraft:leave_game":5,"minecraft:time_since_death":180320,"minecraft:climb_one_cm":1197,"minecraft:sprint_one_cm":370551,"minecraft:walk_one_cm":697359,"minecraft:drop":48,"minecraft:talked_to_villager":20,"minecraft:play_time":360231,"minecraft:sneak_time":15909,"minecraft:deaths":6,"minecraft:walk_under_water_one_cm":17175,"minecraft:boat_one_cm":498322,"minecraft:jump":5154,"minecraft:interact_with_blast_furnace":18,"minecraft:walk_on_water_one_cm":65607,"minecraft:total_world_time":360231,"minecraft:interact_with_furnace":36,"tombstone:raider_killed":14,"minecraft:traded_with_villager":2,"minecraft:sleep_in_bed":14,"minecraft:time_since_rest":18607,"minecraft:waystone_activated":5,"minecraft:damage_absorbed":30,"minecraft:damage_taken":2878,"minecraft:damage_dealt":17528,"minecraft:player_kills":1,"minecraft:swim_one_cm":21284,"minecraft:fly_one_cm":1055655,"minecraft:open_chest":312,"minecraft:crouch_one_cm":61633,"tombstone:undead_killed":46,"minecraft:interact_with_smoker":3,"minecraft:fall_one_cm":111671},"minecraft:killed_by":{"minecraft:creeper":1,"minecraft:skeleton":5},"minecraft:crafted":{"minecraft:oak_planks":212,"minecraft:cactus":2,"minecraft:birch_boat":1,"minecraft:furnace":3,"minecraft:stone":76,"minecraft:yellow_bed":1,"minecraft:oak_trapdoor":16,"minecraft:flint_and_steel":8,"minecraft:bow":1,"minecraft:iron_axe":1,"minecraft:iron_hoe":1,"minecraft:stone_pickaxe":2,"minecraft:chest":5,"minecraft:rail":16,"tetra:modular_double":1,"minecraft:minecart":1,"minecraft:smoker":1,"minecraft:wheat":36,"minecraft:cooked_beef":4,"minecraft:red_dye":1,"minecraft:oak_slab":12,"minecraft:cooked_porkchop":2,"minecraft:baked_potato":14,"minecraft:crafting_table":3,"minecraft:wooden_pickaxe":1,"minecraft:powered_rail":6,"minecraft:iron_sword":2,"minecraft:clock":1,"minecraft:copper_ingot":16,"minecraft:bucket":1,"minecraft:birch_planks":28,"minecraft:stone_axe":1,"minecraft:bread":20,"minecraft:air":0,"tetra:modular_toolbelt":1,"minecraft:dispenser":1,"minecraft:tnt":2,"minecraft:oak_boat":4,"minecraft:iron_chestplate":1,"minecraft:paper":9,"minecraft:yellow_dye":1,"minecraft:stick":60,"minecraft:iron_ingot":48,"minecraft:iron_pickaxe":3,"minecraft:stone_sword":1,"sereneseasons:calendar":1,"minecraft:iron_shovel":13,"minecraft:gold_ingot":14,"minecraft:sandstone":4,"minecraft:redstone_torch":1,"minecraft:torch":24,"minecraft:shears":1},"minecraft:mined":{"minecraft:dark_oak_planks":3,"minecraft:spruce_planks":1,"minecraft:white_bed":3,"minecraft:mossy_cobblestone":7,"minecraft:oak_door":1,"minecraft:cobblestone_stairs":5,"farmersdelight:wild_carrots":11,"minecraft:granite":1,"minecraft:grass_block":1422,"minecraft:jungle_log":1,"minecraft:composter":2,"minecraft:red_mushroom":1,"minecraft:oxeye_daisy":4,"minecraft:sandstone":22,"minecraft:hay_block":5,"minecraft:furnace":1,"minecraft:carrots":5,"minecraft:iron_ore":31,"minecraft:fire":1,"minecraft:andesite":4,"minecraft:fletching_table":2,"minecraft:peony":1,"minecraft:potatoes":1,"minecraft:vine":2,"minecraft:dirt_path":4,"minecraft:deepslate_iron_ore":28,"minecraft:water_cauldron":4,"minecraft:oak_stairs":2,"minecraft:stone":86,"minecraft:white_wool":9,"minecraft:oak_slab":14,"minecraft:brown_mushroom":1,"minecraft:glass_pane":3,"minecraft:lily_of_the_valley":1,"minecraft:cornflower":4,"minecraft:dandelion":3,"minecraft:oak_fence":3,"minecraft:crafting_table":4,"minecraft:torch":3,"minecraft:blast_furnace":2,"minecraft:poppy":5,"minecraft:chest":3,"minecraft:rose_bush":1,"farmersdelight:brown_mushroom_colony":1,"minecraft:copper_ore":6,"minecraft:tall_grass":75,"minecraft:cobblestone":87,"minecraft:lapis_ore":5,"minecraft:oak_planks":19,"minecraft:grindstone":2,"minecraft:sugar_cane":14,"minecraft:diorite":12,"minecraft:blue_bed":4,"minecraft:deepslate_copper_ore":4,"farmersdelight:wild_beetroots":1,"minecraft:purple_bed":2,"farmersdelight:sandy_shrub":1,"tetra:basic_workbench":6,"minecraft:birch_log":7,"minecraft:sweet_berry_bush":5,"minecraft:wheat":7,"minecraft:white_wall_banner":2,"minecraft:spruce_log":36,"minecraft:tnt":1,"minecraft:yellow_bed":9,"minecraft:grass":264,"minecraft:oak_log":53,"minecraft:coal_ore":85,"minecraft:gravel":40,"minecraft:sand":316,"minecraft:dirt":558,"minecraft:gold_ore":1,"minecraft:oak_leaves":42,"minecraft:deepslate":10,"minecraft:fern":6}},"DataVersion":3120}