{"stats":{"minecraft:custom":{"minecraft:time_since_rest":43878,"minecraft:sprint_one_cm":26936,"minecraft:walk_one_cm":116989,"minecraft:damage_taken":14187,"minecraft:damage_absorbed":602,"minecraft:interact_with_anvil":1,"minecraft:mob_kills":5,"minecraft:drop":4,"minecraft:damage_dealt":746,"minecraft:fly_one_cm":333935,"minecraft:open_chest":7,"minecraft:crouch_one_cm":24424,"minecraft:play_time":105425,"minecraft:deaths":36,"minecraft:sneak_time":7216,"minecraft:aviate_one_cm":161256,"minecraft:jump":657,"minecraft:leave_game":4,"minecraft:time_since_death":43852,"minecraft:climb_one_cm":9105,"minecraft:total_world_time":108119,"minecraft:damage_resisted":2405,"minecraft:fall_one_cm":22631},"minecraft:dropped":{"minecraft:wheat_seeds":4},"minecraft:killed_by":{"death_angels:realistic_death_angel":6},"minecraft:used":{"minecraft:netherite_sword":27,"securitycraft:camera_monitor":1,"minecraft:firework_rocket":7,"death_angels:meteor_spawner":2,"minecraft:grass_block":15,"minecraft:netherite_chestplate":2,"minecraft:elytra":4,"minecraft:ender_pearl":3,"securitycraft:security_camera":1,"minecraft:iron_door":6,"securitycraft:scanner_door_item":1,"minecraft:torch":3,"minecraft:item_frame":2,"securitycraft:sentry":1,"minecraft:debug_stick":11,"minecraft:golden_apple":2,"minecraft:anvil":1,"minecraft:cobblestone":1,"minecraft:iron_trapdoor":7,"securitycraft:reinforced_glass":36,"minecraft:stone_pressure_plate":4,"minecraft:enchanted_golden_apple":4,"death_angels:death_angel_spawn_egg":8},"minecraft:killed":{"minecraft:zombie":2,"minecraft:spider":2},"minecraft:mined":{"minecraft:light_blue_stained_glass":9,"minecraft:blue_stained_glass_pane":1,"minecraft:fire":2,"biomesoplenty:desert_grass":21,"minecraft:grass":13,"minecraft:grass_block":2,"minecraft:gray_stained_glass":2,"minecraft:white_stained_glass_pane":1,"biomesoplenty:dead_grass":14,"minecraft:oak_leaves":1},"minecraft:picked_up":{"minecraft:gunpowder":2,"minecraft:dirt":2,"securitycraft:reinforced_glass":1,"securitycraft:sentry":1,"minecraft:rotten_flesh":1,"minecraft:wheat_seeds":9,"minecraft:iron_ingot":1,"death_angels:death_angel_spawn_egg":1}},"DataVersion":3465}